inst#,actual,predicted,error,prediction,ID
1,1:problem,1:problem,,0.704,447
2,1:problem,2:non_problem,+,0.711,402
3,1:problem,1:problem,,0.701,94
4,1:problem,1:problem,,0.968,463
5,1:problem,1:problem,,0.749,175
6,1:problem,1:problem,,0.777,194
7,1:problem,1:problem,,0.858,196
8,1:problem,1:problem,,0.822,398
9,1:problem,1:problem,,0.733,33
10,1:problem,1:problem,,0.533,156
11,1:problem,1:problem,,0.868,209
12,1:problem,1:problem,,0.73,480
13,1:problem,1:problem,,0.7,476
14,1:problem,1:problem,,0.879,412
15,1:problem,2:non_problem,+,0.675,494
16,1:problem,1:problem,,0.532,144
17,1:problem,2:non_problem,+,0.626,376
18,1:problem,1:problem,,0.611,10
19,1:problem,1:problem,,0.687,78
20,1:problem,1:problem,,0.554,181
21,1:problem,1:problem,,0.892,182
22,1:problem,1:problem,,0.858,190
23,1:problem,1:problem,,0.638,143
24,1:problem,1:problem,,0.825,140
25,1:problem,1:problem,,0.876,8
26,1:problem,1:problem,,0.947,323
27,1:problem,1:problem,,0.978,300
28,1:problem,1:problem,,0.572,102
29,1:problem,1:problem,,0.615,73
30,1:problem,2:non_problem,+,0.823,433
31,1:problem,1:problem,,0.729,262
32,1:problem,1:problem,,0.812,373
33,1:problem,1:problem,,0.75,312
34,1:problem,1:problem,,0.735,149
35,1:problem,1:problem,,0.825,206
36,1:problem,1:problem,,0.732,343
37,1:problem,1:problem,,0.559,185
38,1:problem,1:problem,,0.595,419
39,1:problem,1:problem,,0.621,132
40,1:problem,1:problem,,0.727,157
41,1:problem,1:problem,,0.926,105
42,1:problem,1:problem,,0.714,298
43,1:problem,2:non_problem,+,0.613,61
44,1:problem,1:problem,,0.824,466
45,1:problem,1:problem,,0.723,359
46,1:problem,1:problem,,0.925,1
47,1:problem,2:non_problem,+,0.6,230
48,1:problem,1:problem,,0.622,172
49,1:problem,2:non_problem,+,0.636,296
50,1:problem,1:problem,,0.903,5
51,2:non_problem,2:non_problem,,0.957,819
52,2:non_problem,1:problem,+,0.732,827
53,2:non_problem,2:non_problem,,0.874,843
54,2:non_problem,2:non_problem,,0.612,725
55,2:non_problem,2:non_problem,,0.727,625
56,2:non_problem,2:non_problem,,0.625,953
57,2:non_problem,1:problem,+,0.555,894
58,2:non_problem,2:non_problem,,0.773,808
59,2:non_problem,1:problem,+,0.507,578
60,2:non_problem,2:non_problem,,0.721,572
61,2:non_problem,2:non_problem,,0.518,733
62,2:non_problem,2:non_problem,,0.835,764
63,2:non_problem,2:non_problem,,0.858,706
64,2:non_problem,1:problem,+,0.763,989
65,2:non_problem,2:non_problem,,0.977,525
66,2:non_problem,2:non_problem,,0.936,653
67,2:non_problem,2:non_problem,,0.65,707
68,2:non_problem,2:non_problem,,0.657,887
69,2:non_problem,1:problem,+,0.604,552
70,2:non_problem,2:non_problem,,0.922,980
71,2:non_problem,2:non_problem,,0.56,877
72,2:non_problem,2:non_problem,,0.971,890
73,2:non_problem,1:problem,+,0.53,945
74,2:non_problem,2:non_problem,,0.902,966
75,2:non_problem,2:non_problem,,0.871,996
76,2:non_problem,2:non_problem,,0.561,955
77,2:non_problem,2:non_problem,,0.965,787
78,2:non_problem,2:non_problem,,0.98,795
79,2:non_problem,1:problem,+,0.656,685
80,2:non_problem,2:non_problem,,0.911,784
81,2:non_problem,1:problem,+,0.58,691
82,2:non_problem,1:problem,+,0.593,932
83,2:non_problem,2:non_problem,,0.528,962
84,2:non_problem,2:non_problem,,0.905,828
85,2:non_problem,2:non_problem,,0.617,638
86,2:non_problem,2:non_problem,,0.755,583
87,2:non_problem,1:problem,+,0.556,973
88,2:non_problem,2:non_problem,,0.51,726
89,2:non_problem,2:non_problem,,0.652,861
90,2:non_problem,2:non_problem,,0.93,551
91,2:non_problem,2:non_problem,,0.941,869
92,2:non_problem,1:problem,+,0.518,968
93,2:non_problem,2:non_problem,,0.729,873
94,2:non_problem,1:problem,+,0.527,547
95,2:non_problem,2:non_problem,,0.903,616
96,2:non_problem,2:non_problem,,0.978,603
97,2:non_problem,1:problem,+,0.544,788
98,2:non_problem,1:problem,+,0.573,776
99,2:non_problem,2:non_problem,,0.942,617
100,2:non_problem,2:non_problem,,0.814,752
1,1:problem,1:problem,,0.886,414
2,1:problem,2:non_problem,+,0.587,368
3,1:problem,1:problem,,0.766,314
4,1:problem,1:problem,,0.953,22
5,1:problem,1:problem,,0.846,121
6,1:problem,2:non_problem,+,0.669,363
7,1:problem,1:problem,,0.882,424
8,1:problem,1:problem,,0.659,195
9,1:problem,1:problem,,0.958,383
10,1:problem,2:non_problem,+,0.645,199
11,1:problem,1:problem,,0.811,202
12,1:problem,1:problem,,0.837,20
13,1:problem,1:problem,,0.599,341
14,1:problem,1:problem,,0.786,387
15,1:problem,1:problem,,0.793,139
16,1:problem,1:problem,,0.507,379
17,1:problem,2:non_problem,+,0.739,290
18,1:problem,2:non_problem,+,0.511,203
19,1:problem,1:problem,,0.825,238
20,1:problem,1:problem,,0.687,388
21,1:problem,1:problem,,0.953,223
22,1:problem,1:problem,,0.66,457
23,1:problem,1:problem,,0.537,103
24,1:problem,1:problem,,0.665,327
25,1:problem,1:problem,,0.936,283
26,1:problem,1:problem,,0.624,364
27,1:problem,1:problem,,0.807,449
28,1:problem,1:problem,,0.634,233
29,1:problem,1:problem,,0.683,453
30,1:problem,1:problem,,0.917,396
31,1:problem,1:problem,,0.798,318
32,1:problem,1:problem,,0.866,400
33,1:problem,1:problem,,0.77,330
34,1:problem,2:non_problem,+,0.72,64
35,1:problem,2:non_problem,+,0.553,448
36,1:problem,1:problem,,0.61,357
37,1:problem,1:problem,,0.902,112
38,1:problem,1:problem,,0.918,208
39,1:problem,1:problem,,0.878,490
40,1:problem,2:non_problem,+,0.674,309
41,1:problem,1:problem,,0.651,450
42,1:problem,1:problem,,0.815,257
43,1:problem,1:problem,,0.709,348
44,1:problem,1:problem,,0.529,148
45,1:problem,1:problem,,0.658,229
46,1:problem,1:problem,,0.695,294
47,1:problem,1:problem,,0.9,122
48,1:problem,1:problem,,0.9,201
49,1:problem,2:non_problem,+,0.626,244
50,1:problem,2:non_problem,+,0.683,17
51,2:non_problem,2:non_problem,,0.925,924
52,2:non_problem,2:non_problem,,0.789,801
53,2:non_problem,2:non_problem,,0.551,632
54,2:non_problem,2:non_problem,,0.809,758
55,2:non_problem,2:non_problem,,0.859,766
56,2:non_problem,2:non_problem,,0.715,694
57,2:non_problem,2:non_problem,,0.979,696
58,2:non_problem,2:non_problem,,0.741,836
59,2:non_problem,1:problem,+,0.578,750
60,2:non_problem,2:non_problem,,0.984,899
61,2:non_problem,1:problem,+,0.57,581
62,2:non_problem,2:non_problem,,0.908,948
63,2:non_problem,1:problem,+,0.548,630
64,2:non_problem,2:non_problem,,0.511,744
65,2:non_problem,2:non_problem,,0.734,753
66,2:non_problem,1:problem,+,0.535,601
67,2:non_problem,2:non_problem,,0.899,640
68,2:non_problem,2:non_problem,,0.827,837
69,2:non_problem,2:non_problem,,0.676,564
70,2:non_problem,2:non_problem,,0.702,845
71,2:non_problem,2:non_problem,,0.685,520
72,2:non_problem,2:non_problem,,0.728,946
73,2:non_problem,1:problem,+,0.621,663
74,2:non_problem,2:non_problem,,0.833,763
75,2:non_problem,2:non_problem,,0.553,847
76,2:non_problem,2:non_problem,,0.837,545
77,2:non_problem,2:non_problem,,0.616,969
78,2:non_problem,2:non_problem,,0.62,897
79,2:non_problem,2:non_problem,,0.863,634
80,2:non_problem,2:non_problem,,0.917,794
81,2:non_problem,2:non_problem,,0.579,853
82,2:non_problem,2:non_problem,,0.786,537
83,2:non_problem,2:non_problem,,0.864,856
84,2:non_problem,2:non_problem,,0.872,970
85,2:non_problem,1:problem,+,0.833,772
86,2:non_problem,1:problem,+,0.642,814
87,2:non_problem,2:non_problem,,0.757,697
88,2:non_problem,1:problem,+,0.532,867
89,2:non_problem,2:non_problem,,0.87,773
90,2:non_problem,2:non_problem,,0.555,720
91,2:non_problem,2:non_problem,,0.533,978
92,2:non_problem,2:non_problem,,0.773,584
93,2:non_problem,2:non_problem,,0.868,664
94,2:non_problem,2:non_problem,,0.728,912
95,2:non_problem,1:problem,+,0.67,741
96,2:non_problem,1:problem,+,0.502,501
97,2:non_problem,2:non_problem,,0.528,810
98,2:non_problem,1:problem,+,0.685,882
99,2:non_problem,2:non_problem,,0.743,780
100,2:non_problem,2:non_problem,,0.894,971
1,1:problem,1:problem,,0.931,66
2,1:problem,1:problem,,0.869,80
3,1:problem,1:problem,,0.501,325
4,1:problem,2:non_problem,+,0.547,493
5,1:problem,1:problem,,0.549,215
6,1:problem,1:problem,,0.834,44
7,1:problem,1:problem,,0.618,109
8,1:problem,1:problem,,0.514,307
9,1:problem,1:problem,,0.585,237
10,1:problem,2:non_problem,+,0.664,340
11,1:problem,1:problem,,0.962,92
12,1:problem,1:problem,,0.78,382
13,1:problem,1:problem,,0.825,95
14,1:problem,1:problem,,0.877,365
15,1:problem,1:problem,,0.615,297
16,1:problem,1:problem,,0.675,168
17,1:problem,1:problem,,0.525,234
18,1:problem,1:problem,,0.917,269
19,1:problem,1:problem,,0.739,169
20,1:problem,1:problem,,0.774,110
21,1:problem,1:problem,,0.558,492
22,1:problem,2:non_problem,+,0.845,113
23,1:problem,1:problem,,0.848,472
24,1:problem,1:problem,,0.78,67
25,1:problem,1:problem,,0.895,241
26,1:problem,1:problem,,0.834,82
27,1:problem,1:problem,,0.867,204
28,1:problem,1:problem,,0.628,293
29,1:problem,2:non_problem,+,0.92,313
30,1:problem,1:problem,,0.54,322
31,1:problem,1:problem,,0.735,334
32,1:problem,1:problem,,0.851,71
33,1:problem,1:problem,,0.837,462
34,1:problem,1:problem,,0.874,477
35,1:problem,1:problem,,0.765,186
36,1:problem,1:problem,,0.962,465
37,1:problem,2:non_problem,+,0.878,265
38,1:problem,1:problem,,0.545,26
39,1:problem,2:non_problem,+,0.664,445
40,1:problem,2:non_problem,+,0.588,85
41,1:problem,1:problem,,0.784,220
42,1:problem,1:problem,,0.53,160
43,1:problem,1:problem,,0.663,48
44,1:problem,1:problem,,0.893,166
45,1:problem,1:problem,,0.515,131
46,1:problem,1:problem,,0.74,146
47,1:problem,2:non_problem,+,0.514,394
48,1:problem,1:problem,,0.843,84
49,1:problem,1:problem,,0.973,158
50,1:problem,1:problem,,0.696,339
51,2:non_problem,2:non_problem,,0.577,790
52,2:non_problem,2:non_problem,,0.966,522
53,2:non_problem,2:non_problem,,0.624,687
54,2:non_problem,2:non_problem,,0.946,705
55,2:non_problem,1:problem,+,0.566,732
56,2:non_problem,2:non_problem,,0.994,621
57,2:non_problem,2:non_problem,,0.632,811
58,2:non_problem,2:non_problem,,0.938,593
59,2:non_problem,2:non_problem,,0.567,511
60,2:non_problem,2:non_problem,,0.691,769
61,2:non_problem,1:problem,+,0.627,770
62,2:non_problem,2:non_problem,,0.755,729
63,2:non_problem,2:non_problem,,0.522,871
64,2:non_problem,1:problem,+,0.54,566
65,2:non_problem,2:non_problem,,0.725,548
66,2:non_problem,2:non_problem,,0.954,519
67,2:non_problem,2:non_problem,,0.988,859
68,2:non_problem,1:problem,+,0.537,926
69,2:non_problem,2:non_problem,,0.556,782
70,2:non_problem,2:non_problem,,0.893,958
71,2:non_problem,2:non_problem,,0.776,751
72,2:non_problem,2:non_problem,,0.748,931
73,2:non_problem,2:non_problem,,0.987,654
74,2:non_problem,2:non_problem,,0.601,633
75,2:non_problem,2:non_problem,,0.957,967
76,2:non_problem,2:non_problem,,0.838,985
77,2:non_problem,2:non_problem,,0.912,644
78,2:non_problem,2:non_problem,,0.546,979
79,2:non_problem,2:non_problem,,0.785,703
80,2:non_problem,2:non_problem,,0.514,665
81,2:non_problem,2:non_problem,,0.883,860
82,2:non_problem,1:problem,+,0.534,830
83,2:non_problem,2:non_problem,,0.711,528
84,2:non_problem,2:non_problem,,0.851,688
85,2:non_problem,1:problem,+,0.555,636
86,2:non_problem,1:problem,+,0.542,626
87,2:non_problem,2:non_problem,,0.797,757
88,2:non_problem,1:problem,+,0.565,761
89,2:non_problem,2:non_problem,,0.806,977
90,2:non_problem,2:non_problem,,0.961,798
91,2:non_problem,2:non_problem,,0.52,972
92,2:non_problem,2:non_problem,,0.65,599
93,2:non_problem,2:non_problem,,0.757,963
94,2:non_problem,2:non_problem,,0.834,991
95,2:non_problem,2:non_problem,,0.833,888
96,2:non_problem,2:non_problem,,0.707,709
97,2:non_problem,2:non_problem,,0.897,619
98,2:non_problem,2:non_problem,,0.588,954
99,2:non_problem,2:non_problem,,0.919,657
100,2:non_problem,2:non_problem,,0.909,767
1,1:problem,1:problem,,0.621,19
2,1:problem,2:non_problem,+,0.628,180
3,1:problem,1:problem,,0.622,88
4,1:problem,2:non_problem,+,0.56,452
5,1:problem,2:non_problem,+,0.534,469
6,1:problem,1:problem,,0.784,145
7,1:problem,2:non_problem,+,0.553,264
8,1:problem,1:problem,,0.683,228
9,1:problem,1:problem,,0.613,27
10,1:problem,1:problem,,0.891,74
11,1:problem,2:non_problem,+,0.694,155
12,1:problem,1:problem,,0.596,25
13,1:problem,1:problem,,0.918,267
14,1:problem,1:problem,,0.558,443
15,1:problem,2:non_problem,+,0.574,342
16,1:problem,1:problem,,0.933,377
17,1:problem,1:problem,,0.688,495
18,1:problem,1:problem,,0.786,58
19,1:problem,1:problem,,0.791,83
20,1:problem,1:problem,,0.59,278
21,1:problem,1:problem,,0.719,277
22,1:problem,1:problem,,0.551,12
23,1:problem,1:problem,,0.779,232
24,1:problem,1:problem,,0.644,227
25,1:problem,1:problem,,0.782,104
26,1:problem,1:problem,,0.883,413
27,1:problem,1:problem,,0.949,162
28,1:problem,1:problem,,0.882,245
29,1:problem,1:problem,,0.802,274
30,1:problem,1:problem,,0.913,390
31,1:problem,1:problem,,0.683,192
32,1:problem,1:problem,,0.558,161
33,1:problem,1:problem,,0.635,360
34,1:problem,1:problem,,0.93,46
35,1:problem,1:problem,,0.596,225
36,1:problem,1:problem,,0.91,159
37,1:problem,1:problem,,0.528,111
38,1:problem,1:problem,,0.882,205
39,1:problem,1:problem,,0.874,440
40,1:problem,1:problem,,0.61,239
41,1:problem,1:problem,,0.887,9
42,1:problem,2:non_problem,+,0.708,13
43,1:problem,1:problem,,0.815,171
44,1:problem,1:problem,,0.678,295
45,1:problem,1:problem,,0.806,127
46,1:problem,1:problem,,0.844,197
47,1:problem,1:problem,,0.512,137
48,1:problem,2:non_problem,+,0.732,451
49,1:problem,2:non_problem,+,0.917,271
50,1:problem,1:problem,,0.63,187
51,2:non_problem,1:problem,+,0.566,820
52,2:non_problem,2:non_problem,,0.722,891
53,2:non_problem,2:non_problem,,0.968,651
54,2:non_problem,2:non_problem,,0.888,943
55,2:non_problem,2:non_problem,,0.954,964
56,2:non_problem,1:problem,+,0.616,662
57,2:non_problem,1:problem,+,0.891,949
58,2:non_problem,1:problem,+,0.754,602
59,2:non_problem,2:non_problem,,0.808,724
60,2:non_problem,2:non_problem,,0.962,722
61,2:non_problem,2:non_problem,,0.885,555
62,2:non_problem,2:non_problem,,0.909,673
63,2:non_problem,1:problem,+,0.538,863
64,2:non_problem,1:problem,+,0.576,942
65,2:non_problem,2:non_problem,,0.729,771
66,2:non_problem,2:non_problem,,0.904,535
67,2:non_problem,2:non_problem,,0.522,507
68,2:non_problem,2:non_problem,,0.978,742
69,2:non_problem,2:non_problem,,0.74,631
70,2:non_problem,2:non_problem,,0.929,612
71,2:non_problem,2:non_problem,,0.701,713
72,2:non_problem,2:non_problem,,0.541,791
73,2:non_problem,2:non_problem,,0.669,904
74,2:non_problem,2:non_problem,,0.736,878
75,2:non_problem,2:non_problem,,0.744,957
76,2:non_problem,2:non_problem,,0.908,816
77,2:non_problem,2:non_problem,,0.723,802
78,2:non_problem,2:non_problem,,0.804,781
79,2:non_problem,2:non_problem,,0.713,700
80,2:non_problem,2:non_problem,,0.866,759
81,2:non_problem,2:non_problem,,0.741,872
82,2:non_problem,2:non_problem,,0.864,541
83,2:non_problem,2:non_problem,,0.914,531
84,2:non_problem,2:non_problem,,0.625,826
85,2:non_problem,2:non_problem,,0.801,944
86,2:non_problem,2:non_problem,,0.859,565
87,2:non_problem,2:non_problem,,0.838,517
88,2:non_problem,2:non_problem,,0.874,918
89,2:non_problem,2:non_problem,,0.791,852
90,2:non_problem,2:non_problem,,0.833,667
91,2:non_problem,1:problem,+,0.55,834
92,2:non_problem,2:non_problem,,0.733,680
93,2:non_problem,2:non_problem,,0.71,505
94,2:non_problem,1:problem,+,0.842,896
95,2:non_problem,2:non_problem,,0.608,895
96,2:non_problem,2:non_problem,,0.94,641
97,2:non_problem,2:non_problem,,0.517,825
98,2:non_problem,2:non_problem,,0.739,783
99,2:non_problem,2:non_problem,,0.589,793
100,2:non_problem,2:non_problem,,0.978,518
1,1:problem,1:problem,,0.941,268
2,1:problem,1:problem,,0.846,417
3,1:problem,1:problem,,0.593,14
4,1:problem,1:problem,,0.723,179
5,1:problem,1:problem,,0.807,62
6,1:problem,1:problem,,0.75,222
7,1:problem,1:problem,,0.659,302
8,1:problem,1:problem,,0.648,270
9,1:problem,1:problem,,0.666,243
10,1:problem,1:problem,,0.733,250
11,1:problem,1:problem,,0.906,93
12,1:problem,1:problem,,0.573,40
13,1:problem,2:non_problem,+,0.556,299
14,1:problem,1:problem,,0.717,49
15,1:problem,1:problem,,0.835,224
16,1:problem,1:problem,,0.901,70
17,1:problem,1:problem,,0.877,248
18,1:problem,2:non_problem,+,0.603,184
19,1:problem,1:problem,,0.938,411
20,1:problem,1:problem,,0.794,106
21,1:problem,1:problem,,0.972,288
22,1:problem,2:non_problem,+,0.662,136
23,1:problem,1:problem,,0.908,2
24,1:problem,1:problem,,0.837,165
25,1:problem,1:problem,,0.819,282
26,1:problem,1:problem,,0.606,86
27,1:problem,1:problem,,0.842,491
28,1:problem,1:problem,,0.696,384
29,1:problem,1:problem,,0.805,221
30,1:problem,1:problem,,0.918,287
31,1:problem,1:problem,,0.866,35
32,1:problem,1:problem,,0.643,305
33,1:problem,1:problem,,0.908,422
34,1:problem,1:problem,,0.857,253
35,1:problem,1:problem,,0.638,317
36,1:problem,1:problem,,0.866,134
37,1:problem,1:problem,,0.911,53
38,1:problem,1:problem,,0.882,426
39,1:problem,1:problem,,0.856,242
40,1:problem,1:problem,,0.766,303
41,1:problem,1:problem,,0.525,401
42,1:problem,1:problem,,0.626,258
43,1:problem,1:problem,,0.586,421
44,1:problem,1:problem,,0.856,107
45,1:problem,1:problem,,0.948,129
46,1:problem,1:problem,,0.942,355
47,1:problem,1:problem,,0.794,32
48,1:problem,1:problem,,0.689,41
49,1:problem,1:problem,,0.567,361
50,1:problem,1:problem,,0.862,153
51,2:non_problem,2:non_problem,,0.506,645
52,2:non_problem,2:non_problem,,0.756,622
53,2:non_problem,2:non_problem,,0.87,683
54,2:non_problem,2:non_problem,,0.925,592
55,2:non_problem,2:non_problem,,0.948,506
56,2:non_problem,1:problem,+,0.942,976
57,2:non_problem,2:non_problem,,0.979,610
58,2:non_problem,2:non_problem,,0.683,884
59,2:non_problem,1:problem,+,0.685,579
60,2:non_problem,1:problem,+,0.811,762
61,2:non_problem,2:non_problem,,0.83,997
62,2:non_problem,2:non_problem,,0.66,554
63,2:non_problem,2:non_problem,,0.897,623
64,2:non_problem,2:non_problem,,0.575,553
65,2:non_problem,1:problem,+,0.899,906
66,2:non_problem,1:problem,+,0.681,983
67,2:non_problem,2:non_problem,,0.993,540
68,2:non_problem,2:non_problem,,0.879,716
69,2:non_problem,2:non_problem,,0.965,833
70,2:non_problem,2:non_problem,,0.917,670
71,2:non_problem,1:problem,+,0.559,937
72,2:non_problem,2:non_problem,,0.664,648
73,2:non_problem,2:non_problem,,0.748,536
74,2:non_problem,2:non_problem,,0.721,606
75,2:non_problem,2:non_problem,,0.909,669
76,2:non_problem,2:non_problem,,0.51,532
77,2:non_problem,2:non_problem,,0.814,635
78,2:non_problem,2:non_problem,,0.723,849
79,2:non_problem,2:non_problem,,0.575,933
80,2:non_problem,1:problem,+,0.844,923
81,2:non_problem,2:non_problem,,0.886,727
82,2:non_problem,2:non_problem,,0.92,681
83,2:non_problem,2:non_problem,,0.853,844
84,2:non_problem,2:non_problem,,0.704,886
85,2:non_problem,2:non_problem,,0.614,674
86,2:non_problem,2:non_problem,,0.761,992
87,2:non_problem,2:non_problem,,0.679,682
88,2:non_problem,1:problem,+,0.782,840
89,2:non_problem,1:problem,+,0.571,514
90,2:non_problem,2:non_problem,,0.857,629
91,2:non_problem,2:non_problem,,0.924,656
92,2:non_problem,2:non_problem,,0.924,765
93,2:non_problem,2:non_problem,,0.52,838
94,2:non_problem,2:non_problem,,0.517,822
95,2:non_problem,2:non_problem,,0.964,596
96,2:non_problem,2:non_problem,,0.558,903
97,2:non_problem,2:non_problem,,0.78,736
98,2:non_problem,2:non_problem,,0.978,585
99,2:non_problem,2:non_problem,,0.879,935
100,2:non_problem,1:problem,+,0.772,930
1,1:problem,1:problem,,0.751,45
2,1:problem,1:problem,,0.887,273
3,1:problem,2:non_problem,+,0.682,456
4,1:problem,1:problem,,0.625,89
5,1:problem,1:problem,,0.827,128
6,1:problem,1:problem,,0.808,87
7,1:problem,1:problem,,0.925,316
8,1:problem,1:problem,,0.672,436
9,1:problem,1:problem,,0.751,478
10,1:problem,1:problem,,0.728,52
11,1:problem,1:problem,,0.54,353
12,1:problem,1:problem,,0.671,43
13,1:problem,1:problem,,0.537,350
14,1:problem,1:problem,,0.817,42
15,1:problem,2:non_problem,+,0.655,56
16,1:problem,1:problem,,0.948,444
17,1:problem,1:problem,,0.792,251
18,1:problem,1:problem,,0.775,474
19,1:problem,1:problem,,0.961,219
20,1:problem,1:problem,,0.591,138
21,1:problem,2:non_problem,+,0.596,315
22,1:problem,1:problem,,0.52,23
23,1:problem,1:problem,,0.782,435
24,1:problem,1:problem,,0.848,370
25,1:problem,1:problem,,0.647,310
26,1:problem,1:problem,,0.587,281
27,1:problem,1:problem,,0.834,335
28,1:problem,1:problem,,0.944,30
29,1:problem,1:problem,,0.561,154
30,1:problem,1:problem,,0.602,329
31,1:problem,1:problem,,0.862,467
32,1:problem,1:problem,,0.805,261
33,1:problem,1:problem,,0.585,247
34,1:problem,1:problem,,0.742,292
35,1:problem,1:problem,,0.906,375
36,1:problem,2:non_problem,+,0.905,446
37,1:problem,1:problem,,0.671,18
38,1:problem,1:problem,,0.888,31
39,1:problem,1:problem,,0.939,249
40,1:problem,2:non_problem,+,0.521,207
41,1:problem,1:problem,,0.764,54
42,1:problem,2:non_problem,+,0.575,7
43,1:problem,2:non_problem,+,0.791,391
44,1:problem,2:non_problem,+,0.5,497
45,1:problem,1:problem,,0.562,374
46,1:problem,1:problem,,0.724,470
47,1:problem,1:problem,,0.935,72
48,1:problem,1:problem,,0.829,79
49,1:problem,1:problem,,0.884,275
50,1:problem,1:problem,,0.695,430
51,2:non_problem,2:non_problem,,0.864,754
52,2:non_problem,2:non_problem,,0.69,556
53,2:non_problem,2:non_problem,,0.528,608
54,2:non_problem,2:non_problem,,0.921,676
55,2:non_problem,2:non_problem,,0.858,965
56,2:non_problem,2:non_problem,,0.812,615
57,2:non_problem,2:non_problem,,0.609,950
58,2:non_problem,1:problem,+,0.702,925
59,2:non_problem,2:non_problem,,0.97,835
60,2:non_problem,2:non_problem,,0.88,530
61,2:non_problem,2:non_problem,,0.554,649
62,2:non_problem,2:non_problem,,0.829,658
63,2:non_problem,2:non_problem,,0.797,901
64,2:non_problem,1:problem,+,0.57,831
65,2:non_problem,2:non_problem,,0.647,990
66,2:non_problem,2:non_problem,,0.899,559
67,2:non_problem,2:non_problem,,0.653,988
68,2:non_problem,1:problem,+,0.701,595
69,2:non_problem,2:non_problem,,0.571,927
70,2:non_problem,1:problem,+,0.622,760
71,2:non_problem,2:non_problem,,0.835,799
72,2:non_problem,2:non_problem,,0.888,864
73,2:non_problem,2:non_problem,,0.839,756
74,2:non_problem,1:problem,+,0.527,708
75,2:non_problem,2:non_problem,,0.563,850
76,2:non_problem,1:problem,+,0.753,929
77,2:non_problem,1:problem,+,0.758,711
78,2:non_problem,2:non_problem,,0.779,684
79,2:non_problem,2:non_problem,,0.935,666
80,2:non_problem,1:problem,+,0.802,515
81,2:non_problem,2:non_problem,,0.681,823
82,2:non_problem,2:non_problem,,0.946,570
83,2:non_problem,2:non_problem,,0.919,939
84,2:non_problem,2:non_problem,,0.876,804
85,2:non_problem,2:non_problem,,0.843,571
86,2:non_problem,2:non_problem,,0.948,910
87,2:non_problem,2:non_problem,,0.992,586
88,2:non_problem,2:non_problem,,0.824,786
89,2:non_problem,2:non_problem,,0.739,502
90,2:non_problem,2:non_problem,,0.848,607
91,2:non_problem,2:non_problem,,0.897,600
92,2:non_problem,1:problem,+,0.577,862
93,2:non_problem,2:non_problem,,0.798,881
94,2:non_problem,2:non_problem,,0.869,721
95,2:non_problem,1:problem,+,0.787,639
96,2:non_problem,2:non_problem,,0.609,865
97,2:non_problem,1:problem,+,0.531,936
98,2:non_problem,2:non_problem,,0.56,915
99,2:non_problem,2:non_problem,,0.963,605
100,2:non_problem,2:non_problem,,0.503,675
1,1:problem,1:problem,,0.89,479
2,1:problem,1:problem,,0.905,405
3,1:problem,1:problem,,0.699,351
4,1:problem,1:problem,,0.904,408
5,1:problem,1:problem,,0.922,483
6,1:problem,2:non_problem,+,0.581,434
7,1:problem,1:problem,,0.831,91
8,1:problem,1:problem,,0.842,130
9,1:problem,1:problem,,0.918,81
10,1:problem,1:problem,,0.804,256
11,1:problem,1:problem,,0.748,485
12,1:problem,1:problem,,0.911,117
13,1:problem,2:non_problem,+,0.608,119
14,1:problem,1:problem,,0.902,488
15,1:problem,1:problem,,0.912,55
16,1:problem,1:problem,,0.582,126
17,1:problem,1:problem,,0.939,189
18,1:problem,1:problem,,0.881,423
19,1:problem,1:problem,,0.61,345
20,1:problem,2:non_problem,+,0.595,200
21,1:problem,1:problem,,0.791,173
22,1:problem,2:non_problem,+,0.881,301
23,1:problem,2:non_problem,+,0.686,218
24,1:problem,1:problem,,0.964,276
25,1:problem,1:problem,,0.84,21
26,1:problem,2:non_problem,+,0.595,212
27,1:problem,2:non_problem,+,0.653,484
28,1:problem,2:non_problem,+,0.908,217
29,1:problem,1:problem,,0.599,416
30,1:problem,1:problem,,0.625,439
31,1:problem,1:problem,,0.873,36
32,1:problem,1:problem,,0.594,59
33,1:problem,1:problem,,0.647,320
34,1:problem,1:problem,,0.765,304
35,1:problem,1:problem,,0.925,76
36,1:problem,1:problem,,0.908,96
37,1:problem,1:problem,,0.923,425
38,1:problem,1:problem,,0.783,409
39,1:problem,1:problem,,0.836,326
40,1:problem,2:non_problem,+,0.886,336
41,1:problem,1:problem,,0.71,101
42,1:problem,1:problem,,0.889,193
43,1:problem,2:non_problem,+,0.725,263
44,1:problem,1:problem,,0.6,332
45,1:problem,1:problem,,0.969,163
46,1:problem,1:problem,,0.587,11
47,1:problem,1:problem,,0.945,90
48,1:problem,1:problem,,0.739,499
49,1:problem,1:problem,,0.811,346
50,1:problem,1:problem,,0.846,260
51,2:non_problem,2:non_problem,,0.635,812
52,2:non_problem,2:non_problem,,0.923,961
53,2:non_problem,2:non_problem,,0.792,848
54,2:non_problem,2:non_problem,,0.711,590
55,2:non_problem,1:problem,+,0.65,692
56,2:non_problem,2:non_problem,,0.909,652
57,2:non_problem,1:problem,+,0.754,594
58,2:non_problem,2:non_problem,,0.862,734
59,2:non_problem,2:non_problem,,0.908,598
60,2:non_problem,2:non_problem,,0.686,785
61,2:non_problem,2:non_problem,,0.751,712
62,2:non_problem,2:non_problem,,0.732,858
63,2:non_problem,2:non_problem,,0.899,960
64,2:non_problem,2:non_problem,,0.965,914
65,2:non_problem,2:non_problem,,0.626,611
66,2:non_problem,2:non_problem,,0.59,908
67,2:non_problem,2:non_problem,,0.952,561
68,2:non_problem,2:non_problem,,0.506,743
69,2:non_problem,2:non_problem,,0.572,588
70,2:non_problem,2:non_problem,,0.881,875
71,2:non_problem,2:non_problem,,0.935,735
72,2:non_problem,2:non_problem,,0.552,821
73,2:non_problem,2:non_problem,,0.904,1000
74,2:non_problem,2:non_problem,,0.834,562
75,2:non_problem,2:non_problem,,0.6,851
76,2:non_problem,2:non_problem,,0.945,817
77,2:non_problem,2:non_problem,,0.67,909
78,2:non_problem,2:non_problem,,0.882,803
79,2:non_problem,2:non_problem,,0.624,755
80,2:non_problem,2:non_problem,,0.786,710
81,2:non_problem,1:problem,+,0.625,777
82,2:non_problem,2:non_problem,,0.761,815
83,2:non_problem,2:non_problem,,0.985,870
84,2:non_problem,1:problem,+,0.534,701
85,2:non_problem,2:non_problem,,0.556,575
86,2:non_problem,2:non_problem,,0.897,677
87,2:non_problem,2:non_problem,,0.938,508
88,2:non_problem,2:non_problem,,0.936,693
89,2:non_problem,2:non_problem,,0.566,921
90,2:non_problem,2:non_problem,,0.649,842
91,2:non_problem,2:non_problem,,0.797,857
92,2:non_problem,2:non_problem,,0.912,679
93,2:non_problem,1:problem,+,0.566,779
94,2:non_problem,1:problem,+,0.824,524
95,2:non_problem,2:non_problem,,0.946,618
96,2:non_problem,2:non_problem,,0.975,922
97,2:non_problem,2:non_problem,,0.593,829
98,2:non_problem,2:non_problem,,0.618,731
99,2:non_problem,2:non_problem,,0.652,916
100,2:non_problem,1:problem,+,0.807,563
1,1:problem,1:problem,,0.837,57
2,1:problem,1:problem,,0.884,427
3,1:problem,2:non_problem,+,0.784,369
4,1:problem,1:problem,,0.659,458
5,1:problem,1:problem,,0.764,306
6,1:problem,1:problem,,0.806,366
7,1:problem,1:problem,,0.939,120
8,1:problem,1:problem,,0.924,496
9,1:problem,1:problem,,0.84,15
10,1:problem,1:problem,,0.791,77
11,1:problem,1:problem,,0.616,75
12,1:problem,1:problem,,0.786,50
13,1:problem,1:problem,,0.732,34
14,1:problem,1:problem,,0.969,280
15,1:problem,2:non_problem,+,0.64,289
16,1:problem,1:problem,,0.91,235
17,1:problem,1:problem,,0.897,211
18,1:problem,1:problem,,0.672,114
19,1:problem,1:problem,,0.722,397
20,1:problem,1:problem,,0.661,255
21,1:problem,1:problem,,0.628,415
22,1:problem,1:problem,,0.635,319
23,1:problem,1:problem,,0.951,308
24,1:problem,1:problem,,0.576,98
25,1:problem,1:problem,,0.814,151
26,1:problem,2:non_problem,+,0.672,246
27,1:problem,1:problem,,0.746,167
28,1:problem,1:problem,,0.818,356
29,1:problem,2:non_problem,+,0.751,178
30,1:problem,1:problem,,0.978,385
31,1:problem,1:problem,,0.644,487
32,1:problem,1:problem,,0.743,170
33,1:problem,1:problem,,0.641,371
34,1:problem,1:problem,,0.78,352
35,1:problem,2:non_problem,+,0.63,395
36,1:problem,1:problem,,0.865,285
37,1:problem,1:problem,,0.757,428
38,1:problem,1:problem,,0.741,461
39,1:problem,1:problem,,0.705,141
40,1:problem,1:problem,,0.728,406
41,1:problem,1:problem,,0.651,392
42,1:problem,1:problem,,0.813,311
43,1:problem,1:problem,,0.754,464
44,1:problem,1:problem,,0.887,152
45,1:problem,1:problem,,0.88,437
46,1:problem,1:problem,,0.941,475
47,1:problem,1:problem,,0.766,389
48,1:problem,2:non_problem,+,0.543,393
49,1:problem,2:non_problem,+,0.566,372
50,1:problem,1:problem,,0.897,216
51,2:non_problem,2:non_problem,,0.744,642
52,2:non_problem,2:non_problem,,0.843,661
53,2:non_problem,2:non_problem,,0.816,832
54,2:non_problem,2:non_problem,,0.92,998
55,2:non_problem,2:non_problem,,0.742,854
56,2:non_problem,2:non_problem,,0.777,589
57,2:non_problem,2:non_problem,,0.878,718
58,2:non_problem,1:problem,+,0.576,984
59,2:non_problem,1:problem,+,0.757,893
60,2:non_problem,1:problem,+,0.96,647
61,2:non_problem,2:non_problem,,0.812,841
62,2:non_problem,2:non_problem,,0.861,917
63,2:non_problem,2:non_problem,,0.842,637
64,2:non_problem,1:problem,+,0.504,974
65,2:non_problem,2:non_problem,,0.649,604
66,2:non_problem,1:problem,+,0.634,940
67,2:non_problem,1:problem,+,0.504,913
68,2:non_problem,2:non_problem,,0.547,527
69,2:non_problem,2:non_problem,,0.688,577
70,2:non_problem,2:non_problem,,0.515,620
71,2:non_problem,2:non_problem,,0.866,981
72,2:non_problem,2:non_problem,,0.925,643
73,2:non_problem,2:non_problem,,0.97,920
74,2:non_problem,2:non_problem,,0.713,995
75,2:non_problem,1:problem,+,0.817,558
76,2:non_problem,2:non_problem,,0.897,889
77,2:non_problem,2:non_problem,,0.951,690
78,2:non_problem,2:non_problem,,0.742,686
79,2:non_problem,1:problem,+,0.732,952
80,2:non_problem,2:non_problem,,0.969,813
81,2:non_problem,2:non_problem,,0.941,543
82,2:non_problem,2:non_problem,,0.868,668
83,2:non_problem,2:non_problem,,0.563,792
84,2:non_problem,2:non_problem,,0.777,768
85,2:non_problem,2:non_problem,,0.966,905
86,2:non_problem,1:problem,+,0.518,987
87,2:non_problem,1:problem,+,0.571,591
88,2:non_problem,2:non_problem,,0.567,567
89,2:non_problem,2:non_problem,,0.599,624
90,2:non_problem,2:non_problem,,0.663,627
91,2:non_problem,1:problem,+,0.858,659
92,2:non_problem,1:problem,+,0.532,846
93,2:non_problem,2:non_problem,,0.709,789
94,2:non_problem,1:problem,+,0.532,613
95,2:non_problem,2:non_problem,,0.643,573
96,2:non_problem,2:non_problem,,0.653,855
97,2:non_problem,1:problem,+,0.644,704
98,2:non_problem,2:non_problem,,0.719,797
99,2:non_problem,2:non_problem,,0.981,521
100,2:non_problem,2:non_problem,,0.978,660
1,1:problem,1:problem,,0.776,266
2,1:problem,1:problem,,0.808,259
3,1:problem,1:problem,,0.874,380
4,1:problem,1:problem,,0.921,381
5,1:problem,1:problem,,0.948,198
6,1:problem,1:problem,,0.906,231
7,1:problem,1:problem,,0.853,6
8,1:problem,1:problem,,0.642,468
9,1:problem,1:problem,,0.752,183
10,1:problem,1:problem,,0.661,481
11,1:problem,1:problem,,0.889,338
12,1:problem,1:problem,,0.785,354
13,1:problem,1:problem,,0.659,358
14,1:problem,1:problem,,0.878,429
15,1:problem,1:problem,,0.881,177
16,1:problem,1:problem,,0.824,386
17,1:problem,1:problem,,0.95,498
18,1:problem,1:problem,,0.598,454
19,1:problem,2:non_problem,+,0.774,254
20,1:problem,1:problem,,0.685,147
21,1:problem,1:problem,,0.585,399
22,1:problem,1:problem,,0.628,68
23,1:problem,1:problem,,0.579,29
24,1:problem,1:problem,,0.747,4
25,1:problem,1:problem,,0.89,291
26,1:problem,1:problem,,0.748,3
27,1:problem,1:problem,,0.511,28
28,1:problem,1:problem,,0.618,38
29,1:problem,1:problem,,0.895,191
30,1:problem,1:problem,,0.645,410
31,1:problem,1:problem,,0.9,489
32,1:problem,1:problem,,0.955,404
33,1:problem,1:problem,,0.867,226
34,1:problem,1:problem,,0.799,100
35,1:problem,1:problem,,0.69,432
36,1:problem,1:problem,,0.72,438
37,1:problem,1:problem,,0.662,24
38,1:problem,1:problem,,0.891,164
39,1:problem,1:problem,,0.943,321
40,1:problem,2:non_problem,+,0.505,47
41,1:problem,1:problem,,0.502,63
42,1:problem,1:problem,,0.73,51
43,1:problem,1:problem,,0.919,210
44,1:problem,1:problem,,0.901,65
45,1:problem,1:problem,,0.753,459
46,1:problem,1:problem,,0.754,135
47,1:problem,1:problem,,0.656,125
48,1:problem,2:non_problem,+,0.773,150
49,1:problem,1:problem,,0.955,473
50,1:problem,1:problem,,0.848,337
51,2:non_problem,2:non_problem,,0.866,646
52,2:non_problem,2:non_problem,,0.826,614
53,2:non_problem,2:non_problem,,0.97,805
54,2:non_problem,2:non_problem,,0.948,695
55,2:non_problem,2:non_problem,,0.504,839
56,2:non_problem,2:non_problem,,0.99,544
57,2:non_problem,2:non_problem,,0.669,557
58,2:non_problem,2:non_problem,,0.66,806
59,2:non_problem,2:non_problem,,0.972,738
60,2:non_problem,1:problem,+,0.511,516
61,2:non_problem,1:problem,+,0.592,740
62,2:non_problem,2:non_problem,,0.808,628
63,2:non_problem,2:non_problem,,0.797,538
64,2:non_problem,1:problem,+,0.543,546
65,2:non_problem,2:non_problem,,0.768,523
66,2:non_problem,2:non_problem,,0.614,728
67,2:non_problem,2:non_problem,,0.79,774
68,2:non_problem,2:non_problem,,0.719,526
69,2:non_problem,2:non_problem,,0.536,892
70,2:non_problem,2:non_problem,,0.965,560
71,2:non_problem,2:non_problem,,0.815,650
72,2:non_problem,2:non_problem,,0.514,994
73,2:non_problem,1:problem,+,0.554,539
74,2:non_problem,2:non_problem,,0.618,671
75,2:non_problem,2:non_problem,,0.971,746
76,2:non_problem,2:non_problem,,0.915,900
77,2:non_problem,2:non_problem,,0.62,911
78,2:non_problem,1:problem,+,0.519,959
79,2:non_problem,2:non_problem,,0.885,748
80,2:non_problem,2:non_problem,,0.791,874
81,2:non_problem,2:non_problem,,0.562,739
82,2:non_problem,2:non_problem,,0.81,534
83,2:non_problem,1:problem,+,0.515,879
84,2:non_problem,2:non_problem,,0.615,880
85,2:non_problem,2:non_problem,,0.68,509
86,2:non_problem,2:non_problem,,0.962,689
87,2:non_problem,2:non_problem,,0.921,737
88,2:non_problem,1:problem,+,0.712,549
89,2:non_problem,2:non_problem,,0.548,934
90,2:non_problem,2:non_problem,,0.939,699
91,2:non_problem,2:non_problem,,0.6,956
92,2:non_problem,1:problem,+,0.507,655
93,2:non_problem,2:non_problem,,0.95,678
94,2:non_problem,2:non_problem,,0.945,542
95,2:non_problem,2:non_problem,,0.899,796
96,2:non_problem,2:non_problem,,0.702,672
97,2:non_problem,2:non_problem,,0.977,975
98,2:non_problem,2:non_problem,,0.943,574
99,2:non_problem,2:non_problem,,0.817,580
100,2:non_problem,2:non_problem,,0.959,569
1,1:problem,1:problem,,0.923,347
2,1:problem,1:problem,,0.705,252
3,1:problem,1:problem,,0.501,349
4,1:problem,1:problem,,0.579,328
5,1:problem,1:problem,,0.771,213
6,1:problem,1:problem,,0.907,420
7,1:problem,1:problem,,0.814,362
8,1:problem,1:problem,,0.623,60
9,1:problem,1:problem,,0.8,133
10,1:problem,1:problem,,0.883,455
11,1:problem,1:problem,,0.922,344
12,1:problem,1:problem,,0.789,272
13,1:problem,2:non_problem,+,0.516,37
14,1:problem,2:non_problem,+,0.544,108
15,1:problem,1:problem,,0.917,471
16,1:problem,1:problem,,0.907,403
17,1:problem,1:problem,,0.865,115
18,1:problem,1:problem,,0.944,442
19,1:problem,2:non_problem,+,0.54,378
20,1:problem,1:problem,,0.843,99
21,1:problem,1:problem,,0.742,441
22,1:problem,1:problem,,0.599,407
23,1:problem,1:problem,,0.945,174
24,1:problem,1:problem,,0.757,460
25,1:problem,1:problem,,0.763,176
26,1:problem,1:problem,,0.822,324
27,1:problem,1:problem,,0.679,124
28,1:problem,1:problem,,0.84,500
29,1:problem,1:problem,,0.92,116
30,1:problem,1:problem,,0.724,331
31,1:problem,1:problem,,0.688,286
32,1:problem,1:problem,,0.697,333
33,1:problem,2:non_problem,+,0.532,118
34,1:problem,1:problem,,0.808,367
35,1:problem,2:non_problem,+,0.837,236
36,1:problem,2:non_problem,+,0.55,16
37,1:problem,1:problem,,0.712,39
38,1:problem,1:problem,,0.738,418
39,1:problem,1:problem,,0.712,142
40,1:problem,1:problem,,0.993,69
41,1:problem,1:problem,,0.609,188
42,1:problem,1:problem,,0.741,240
43,1:problem,1:problem,,0.819,279
44,1:problem,2:non_problem,+,0.835,214
45,1:problem,1:problem,,0.857,97
46,1:problem,1:problem,,0.833,284
47,1:problem,2:non_problem,+,0.839,431
48,1:problem,1:problem,,0.537,486
49,1:problem,2:non_problem,+,0.773,482
50,1:problem,1:problem,,0.801,123
51,2:non_problem,2:non_problem,,0.641,898
52,2:non_problem,2:non_problem,,0.797,730
53,2:non_problem,2:non_problem,,0.782,504
54,2:non_problem,1:problem,+,0.672,587
55,2:non_problem,2:non_problem,,0.956,717
56,2:non_problem,1:problem,+,0.651,941
57,2:non_problem,1:problem,+,0.513,503
58,2:non_problem,2:non_problem,,0.679,550
59,2:non_problem,2:non_problem,,0.955,510
60,2:non_problem,2:non_problem,,0.701,723
61,2:non_problem,2:non_problem,,0.874,807
62,2:non_problem,2:non_problem,,0.861,568
63,2:non_problem,2:non_problem,,0.626,818
64,2:non_problem,2:non_problem,,0.793,512
65,2:non_problem,2:non_problem,,0.826,907
66,2:non_problem,2:non_problem,,0.886,809
67,2:non_problem,2:non_problem,,0.86,513
68,2:non_problem,1:problem,+,0.893,824
69,2:non_problem,2:non_problem,,0.968,993
70,2:non_problem,1:problem,+,0.753,749
71,2:non_problem,2:non_problem,,0.812,582
72,2:non_problem,1:problem,+,0.646,982
73,2:non_problem,2:non_problem,,0.692,714
74,2:non_problem,2:non_problem,,0.816,866
75,2:non_problem,2:non_problem,,0.969,576
76,2:non_problem,2:non_problem,,0.81,702
77,2:non_problem,1:problem,+,0.811,533
78,2:non_problem,2:non_problem,,0.801,902
79,2:non_problem,1:problem,+,0.517,715
80,2:non_problem,2:non_problem,,0.857,597
81,2:non_problem,1:problem,+,0.545,919
82,2:non_problem,2:non_problem,,0.77,775
83,2:non_problem,1:problem,+,0.609,778
84,2:non_problem,2:non_problem,,0.82,883
85,2:non_problem,1:problem,+,0.545,938
86,2:non_problem,2:non_problem,,0.919,719
87,2:non_problem,2:non_problem,,0.865,745
88,2:non_problem,2:non_problem,,0.674,529
89,2:non_problem,2:non_problem,,0.984,698
90,2:non_problem,2:non_problem,,0.821,885
91,2:non_problem,1:problem,+,0.619,868
92,2:non_problem,2:non_problem,,0.977,609
93,2:non_problem,2:non_problem,,0.899,800
94,2:non_problem,1:problem,+,0.744,747
95,2:non_problem,1:problem,+,0.756,951
96,2:non_problem,2:non_problem,,0.702,999
97,2:non_problem,2:non_problem,,0.595,876
98,2:non_problem,1:problem,+,0.646,947
99,2:non_problem,1:problem,+,0.972,928
100,2:non_problem,2:non_problem,,0.808,986