inst#,actual,predicted,error,prediction,ID
1,1:solution,1:solution,,0.795,447
2,1:solution,1:solution,,0.92,402
3,1:solution,1:solution,,0.755,94
4,1:solution,2:non_solution,+,0.733,463
5,1:solution,1:solution,,0.547,175
6,1:solution,1:solution,,0.542,194
7,1:solution,1:solution,,0.863,196
8,1:solution,1:solution,,0.616,398
9,1:solution,1:solution,,0.778,33
10,1:solution,1:solution,,0.566,156
11,1:solution,1:solution,,0.505,209
12,1:solution,1:solution,,0.807,480
13,1:solution,2:non_solution,+,0.653,476
14,1:solution,1:solution,,0.571,412
15,1:solution,1:solution,,0.621,494
16,1:solution,2:non_solution,+,0.682,144
17,1:solution,2:non_solution,+,0.57,376
18,1:solution,1:solution,,0.597,10
19,1:solution,1:solution,,0.857,78
20,1:solution,2:non_solution,+,0.694,181
21,1:solution,1:solution,,0.723,182
22,1:solution,1:solution,,0.742,190
23,1:solution,1:solution,,0.831,143
24,1:solution,1:solution,,0.649,140
25,1:solution,1:solution,,0.944,8
26,1:solution,1:solution,,0.666,323
27,1:solution,1:solution,,0.823,300
28,1:solution,1:solution,,0.714,102
29,1:solution,1:solution,,0.83,73
30,1:solution,1:solution,,0.851,433
31,1:solution,2:non_solution,+,0.532,262
32,1:solution,2:non_solution,+,0.803,373
33,1:solution,1:solution,,0.772,312
34,1:solution,1:solution,,0.836,149
35,1:solution,1:solution,,0.685,206
36,1:solution,1:solution,,0.906,343
37,1:solution,1:solution,,0.893,185
38,1:solution,1:solution,,0.708,419
39,1:solution,1:solution,,0.869,132
40,1:solution,1:solution,,0.892,157
41,1:solution,1:solution,,0.678,105
42,1:solution,1:solution,,0.566,298
43,1:solution,1:solution,,0.543,61
44,1:solution,1:solution,,0.655,466
45,1:solution,2:non_solution,+,0.53,359
46,1:solution,1:solution,,0.668,1
47,1:solution,1:solution,,0.898,230
48,1:solution,1:solution,,0.924,172
49,1:solution,1:solution,,0.617,296
50,1:solution,1:solution,,0.574,5
51,2:non_solution,2:non_solution,,0.616,819
52,2:non_solution,2:non_solution,,0.768,827
53,2:non_solution,2:non_solution,,0.821,843
54,2:non_solution,2:non_solution,,0.936,725
55,2:non_solution,2:non_solution,,0.528,625
56,2:non_solution,2:non_solution,,0.693,953
57,2:non_solution,1:solution,+,0.603,894
58,2:non_solution,1:solution,+,0.618,808
59,2:non_solution,1:solution,+,0.51,578
60,2:non_solution,2:non_solution,,0.921,572
61,2:non_solution,2:non_solution,,0.577,733
62,2:non_solution,2:non_solution,,0.917,764
63,2:non_solution,2:non_solution,,0.671,706
64,2:non_solution,1:solution,+,0.864,989
65,2:non_solution,1:solution,+,0.721,525
66,2:non_solution,1:solution,+,0.602,653
67,2:non_solution,1:solution,+,0.627,707
68,2:non_solution,2:non_solution,,0.513,887
69,2:non_solution,1:solution,+,0.837,552
70,2:non_solution,2:non_solution,,0.837,980
71,2:non_solution,1:solution,+,0.595,877
72,2:non_solution,2:non_solution,,0.942,890
73,2:non_solution,2:non_solution,,0.912,945
74,2:non_solution,2:non_solution,,0.525,966
75,2:non_solution,2:non_solution,,0.808,996
76,2:non_solution,1:solution,+,0.714,955
77,2:non_solution,2:non_solution,,0.924,787
78,2:non_solution,2:non_solution,,0.732,795
79,2:non_solution,1:solution,+,0.651,685
80,2:non_solution,2:non_solution,,0.918,784
81,2:non_solution,1:solution,+,0.673,691
82,2:non_solution,1:solution,+,0.506,932
83,2:non_solution,1:solution,+,0.785,962
84,2:non_solution,2:non_solution,,0.956,828
85,2:non_solution,2:non_solution,,0.649,638
86,2:non_solution,2:non_solution,,0.641,583
87,2:non_solution,2:non_solution,,0.806,973
88,2:non_solution,2:non_solution,,0.82,726
89,2:non_solution,1:solution,+,0.545,861
90,2:non_solution,2:non_solution,,0.916,551
91,2:non_solution,2:non_solution,,0.95,869
92,2:non_solution,1:solution,+,0.701,968
93,2:non_solution,2:non_solution,,0.716,873
94,2:non_solution,2:non_solution,,0.647,547
95,2:non_solution,2:non_solution,,0.895,616
96,2:non_solution,1:solution,+,0.857,603
97,2:non_solution,1:solution,+,0.578,788
98,2:non_solution,2:non_solution,,0.502,776
99,2:non_solution,2:non_solution,,0.899,617
100,2:non_solution,2:non_solution,,0.84,752
1,1:solution,1:solution,,0.836,414
2,1:solution,1:solution,,0.611,368
3,1:solution,1:solution,,0.669,314
4,1:solution,1:solution,,0.665,22
5,1:solution,1:solution,,0.672,121
6,1:solution,1:solution,,0.928,363
7,1:solution,1:solution,,0.867,424
8,1:solution,1:solution,,0.643,195
9,1:solution,1:solution,,0.509,383
10,1:solution,1:solution,,0.746,199
11,1:solution,1:solution,,0.765,202
12,1:solution,2:non_solution,+,0.593,20
13,1:solution,1:solution,,0.805,341
14,1:solution,1:solution,,0.6,387
15,1:solution,1:solution,,0.687,139
16,1:solution,1:solution,,0.81,379
17,1:solution,2:non_solution,+,0.793,290
18,1:solution,1:solution,,0.695,203
19,1:solution,1:solution,,0.908,238
20,1:solution,1:solution,,0.953,388
21,1:solution,1:solution,,0.716,223
22,1:solution,1:solution,,0.775,457
23,1:solution,1:solution,,0.733,103
24,1:solution,1:solution,,0.671,327
25,1:solution,1:solution,,0.649,283
26,1:solution,1:solution,,0.797,364
27,1:solution,1:solution,,0.905,449
28,1:solution,1:solution,,0.721,233
29,1:solution,1:solution,,0.929,453
30,1:solution,1:solution,,0.742,396
31,1:solution,1:solution,,0.815,318
32,1:solution,1:solution,,0.727,400
33,1:solution,2:non_solution,+,0.854,330
34,1:solution,1:solution,,0.512,64
35,1:solution,1:solution,,0.834,448
36,1:solution,1:solution,,0.85,357
37,1:solution,1:solution,,0.76,112
38,1:solution,2:non_solution,+,0.693,208
39,1:solution,1:solution,,0.884,490
40,1:solution,2:non_solution,+,0.771,309
41,1:solution,1:solution,,0.807,450
42,1:solution,1:solution,,0.518,257
43,1:solution,2:non_solution,+,0.536,348
44,1:solution,1:solution,,0.801,148
45,1:solution,1:solution,,0.749,229
46,1:solution,1:solution,,0.6,294
47,1:solution,1:solution,,0.856,122
48,1:solution,1:solution,,0.905,201
49,1:solution,2:non_solution,+,0.506,244
50,1:solution,1:solution,,0.553,17
51,2:non_solution,2:non_solution,,0.657,924
52,2:non_solution,1:solution,+,0.552,801
53,2:non_solution,2:non_solution,,0.801,632
54,2:non_solution,2:non_solution,,0.871,758
55,2:non_solution,2:non_solution,,0.708,766
56,2:non_solution,2:non_solution,,0.604,694
57,2:non_solution,2:non_solution,,0.705,696
58,2:non_solution,2:non_solution,,0.828,836
59,2:non_solution,2:non_solution,,0.895,750
60,2:non_solution,1:solution,+,0.505,899
61,2:non_solution,2:non_solution,,0.787,581
62,2:non_solution,2:non_solution,,0.955,948
63,2:non_solution,2:non_solution,,0.801,630
64,2:non_solution,1:solution,+,0.765,744
65,2:non_solution,1:solution,+,0.554,753
66,2:non_solution,1:solution,+,0.812,601
67,2:non_solution,2:non_solution,,0.95,640
68,2:non_solution,2:non_solution,,0.915,837
69,2:non_solution,2:non_solution,,0.851,564
70,2:non_solution,2:non_solution,,0.597,845
71,2:non_solution,2:non_solution,,0.742,520
72,2:non_solution,2:non_solution,,0.682,946
73,2:non_solution,1:solution,+,0.519,663
74,2:non_solution,1:solution,+,0.614,763
75,2:non_solution,2:non_solution,,0.815,847
76,2:non_solution,2:non_solution,,0.721,545
77,2:non_solution,2:non_solution,,0.918,969
78,2:non_solution,2:non_solution,,0.625,897
79,2:non_solution,2:non_solution,,0.806,634
80,2:non_solution,2:non_solution,,0.597,794
81,2:non_solution,2:non_solution,,0.667,853
82,2:non_solution,2:non_solution,,0.657,537
83,2:non_solution,2:non_solution,,0.902,856
84,2:non_solution,2:non_solution,,0.916,970
85,2:non_solution,1:solution,+,0.57,772
86,2:non_solution,2:non_solution,,0.802,814
87,2:non_solution,2:non_solution,,0.897,697
88,2:non_solution,2:non_solution,,0.842,867
89,2:non_solution,2:non_solution,,0.701,773
90,2:non_solution,2:non_solution,,0.521,720
91,2:non_solution,1:solution,+,0.555,978
92,2:non_solution,2:non_solution,,0.828,584
93,2:non_solution,2:non_solution,,0.852,664
94,2:non_solution,2:non_solution,,0.621,912
95,2:non_solution,2:non_solution,,0.735,741
96,2:non_solution,1:solution,+,0.903,501
97,2:non_solution,2:non_solution,,0.762,810
98,2:non_solution,1:solution,+,0.541,882
99,2:non_solution,2:non_solution,,0.64,780
100,2:non_solution,2:non_solution,,0.713,971
1,1:solution,1:solution,,0.815,66
2,1:solution,2:non_solution,+,0.586,80
3,1:solution,1:solution,,0.777,325
4,1:solution,1:solution,,0.732,493
5,1:solution,1:solution,,0.891,215
6,1:solution,1:solution,,0.918,44
7,1:solution,1:solution,,0.946,109
8,1:solution,1:solution,,0.867,307
9,1:solution,1:solution,,0.921,237
10,1:solution,1:solution,,0.629,340
11,1:solution,1:solution,,0.585,92
12,1:solution,1:solution,,0.606,382
13,1:solution,1:solution,,0.889,95
14,1:solution,1:solution,,0.689,365
15,1:solution,2:non_solution,+,0.583,297
16,1:solution,1:solution,,0.891,168
17,1:solution,1:solution,,0.762,234
18,1:solution,1:solution,,0.845,269
19,1:solution,1:solution,,0.821,169
20,1:solution,2:non_solution,+,0.614,110
21,1:solution,1:solution,,0.537,492
22,1:solution,1:solution,,0.841,113
23,1:solution,1:solution,,0.75,472
24,1:solution,1:solution,,0.861,67
25,1:solution,1:solution,,0.618,241
26,1:solution,1:solution,,0.845,82
27,1:solution,1:solution,,0.73,204
28,1:solution,1:solution,,0.712,293
29,1:solution,1:solution,,0.576,313
30,1:solution,1:solution,,0.63,322
31,1:solution,1:solution,,0.773,334
32,1:solution,1:solution,,0.924,71
33,1:solution,1:solution,,0.529,462
34,1:solution,1:solution,,0.73,477
35,1:solution,1:solution,,0.675,186
36,1:solution,1:solution,,0.926,465
37,1:solution,1:solution,,0.9,265
38,1:solution,1:solution,,0.537,26
39,1:solution,1:solution,,0.596,445
40,1:solution,1:solution,,0.843,85
41,1:solution,2:non_solution,+,0.684,220
42,1:solution,1:solution,,0.913,160
43,1:solution,1:solution,,0.791,48
44,1:solution,1:solution,,0.846,166
45,1:solution,1:solution,,0.603,131
46,1:solution,1:solution,,0.646,146
47,1:solution,1:solution,,0.8,394
48,1:solution,1:solution,,0.705,84
49,1:solution,1:solution,,0.872,158
50,1:solution,1:solution,,0.753,339
51,2:non_solution,1:solution,+,0.627,790
52,2:non_solution,2:non_solution,,0.832,522
53,2:non_solution,2:non_solution,,0.755,687
54,2:non_solution,1:solution,+,0.814,705
55,2:non_solution,2:non_solution,,0.615,732
56,2:non_solution,2:non_solution,,0.533,621
57,2:non_solution,1:solution,+,0.629,811
58,2:non_solution,1:solution,+,0.721,593
59,2:non_solution,2:non_solution,,0.768,511
60,2:non_solution,2:non_solution,,0.551,769
61,2:non_solution,2:non_solution,,0.764,770
62,2:non_solution,2:non_solution,,0.894,729
63,2:non_solution,2:non_solution,,0.703,871
64,2:non_solution,1:solution,+,0.656,566
65,2:non_solution,2:non_solution,,0.776,548
66,2:non_solution,1:solution,+,0.781,519
67,2:non_solution,2:non_solution,,0.824,859
68,2:non_solution,1:solution,+,0.582,926
69,2:non_solution,2:non_solution,,0.896,782
70,2:non_solution,2:non_solution,,0.917,958
71,2:non_solution,2:non_solution,,0.833,751
72,2:non_solution,2:non_solution,,0.847,931
73,2:non_solution,2:non_solution,,0.929,654
74,2:non_solution,1:solution,+,0.6,633
75,2:non_solution,2:non_solution,,0.848,967
76,2:non_solution,1:solution,+,0.614,985
77,2:non_solution,2:non_solution,,0.593,644
78,2:non_solution,2:non_solution,,0.592,979
79,2:non_solution,1:solution,+,0.755,703
80,2:non_solution,2:non_solution,,0.967,665
81,2:non_solution,2:non_solution,,0.764,860
82,2:non_solution,2:non_solution,,0.8,830
83,2:non_solution,1:solution,+,0.6,528
84,2:non_solution,2:non_solution,,0.685,688
85,2:non_solution,2:non_solution,,0.902,636
86,2:non_solution,2:non_solution,,0.895,626
87,2:non_solution,2:non_solution,,0.715,757
88,2:non_solution,1:solution,+,0.595,761
89,2:non_solution,2:non_solution,,0.956,977
90,2:non_solution,2:non_solution,,0.643,798
91,2:non_solution,2:non_solution,,0.632,972
92,2:non_solution,2:non_solution,,0.725,599
93,2:non_solution,2:non_solution,,0.516,963
94,2:non_solution,2:non_solution,,0.913,991
95,2:non_solution,2:non_solution,,0.871,888
96,2:non_solution,2:non_solution,,0.631,709
97,2:non_solution,1:solution,+,0.531,619
98,2:non_solution,2:non_solution,,0.869,954
99,2:non_solution,2:non_solution,,0.96,657
100,2:non_solution,2:non_solution,,0.913,767
1,1:solution,1:solution,,0.685,19
2,1:solution,1:solution,,0.796,180
3,1:solution,1:solution,,0.761,88
4,1:solution,1:solution,,0.729,452
5,1:solution,1:solution,,0.93,469
6,1:solution,1:solution,,0.806,145
7,1:solution,1:solution,,0.686,264
8,1:solution,1:solution,,0.896,228
9,1:solution,1:solution,,0.904,27
10,1:solution,1:solution,,0.656,74
11,1:solution,2:non_solution,+,0.683,155
12,1:solution,1:solution,,0.904,25
13,1:solution,1:solution,,0.769,267
14,1:solution,1:solution,,0.656,443
15,1:solution,1:solution,,0.713,342
16,1:solution,1:solution,,0.885,377
17,1:solution,2:non_solution,+,0.615,495
18,1:solution,1:solution,,0.901,58
19,1:solution,1:solution,,0.786,83
20,1:solution,1:solution,,0.645,278
21,1:solution,1:solution,,0.814,277
22,1:solution,2:non_solution,+,0.544,12
23,1:solution,1:solution,,0.875,232
24,1:solution,1:solution,,0.966,227
25,1:solution,1:solution,,0.746,104
26,1:solution,1:solution,,0.615,413
27,1:solution,1:solution,,0.836,162
28,1:solution,1:solution,,0.924,245
29,1:solution,1:solution,,0.787,274
30,1:solution,2:non_solution,+,0.876,390
31,1:solution,1:solution,,0.647,192
32,1:solution,1:solution,,0.807,161
33,1:solution,1:solution,,0.788,360
34,1:solution,1:solution,,0.883,46
35,1:solution,1:solution,,0.873,225
36,1:solution,1:solution,,0.874,159
37,1:solution,2:non_solution,+,0.584,111
38,1:solution,1:solution,,0.816,205
39,1:solution,2:non_solution,+,0.769,440
40,1:solution,1:solution,,0.778,239
41,1:solution,1:solution,,0.808,9
42,1:solution,1:solution,,0.692,13
43,1:solution,1:solution,,0.53,171
44,1:solution,1:solution,,0.571,295
45,1:solution,1:solution,,0.821,127
46,1:solution,1:solution,,0.709,197
47,1:solution,1:solution,,0.814,137
48,1:solution,1:solution,,0.606,451
49,1:solution,1:solution,,0.88,271
50,1:solution,1:solution,,0.675,187
51,2:non_solution,1:solution,+,0.565,820
52,2:non_solution,1:solution,+,0.518,891
53,2:non_solution,2:non_solution,,0.859,651
54,2:non_solution,1:solution,+,0.872,943
55,2:non_solution,2:non_solution,,0.806,964
56,2:non_solution,2:non_solution,,0.648,662
57,2:non_solution,2:non_solution,,0.888,949
58,2:non_solution,2:non_solution,,0.59,602
59,2:non_solution,2:non_solution,,0.588,724
60,2:non_solution,2:non_solution,,0.757,722
61,2:non_solution,2:non_solution,,0.924,555
62,2:non_solution,2:non_solution,,0.722,673
63,2:non_solution,2:non_solution,,0.504,863
64,2:non_solution,2:non_solution,,0.803,942
65,2:non_solution,1:solution,+,0.915,771
66,2:non_solution,1:solution,+,0.72,535
67,2:non_solution,1:solution,+,0.604,507
68,2:non_solution,2:non_solution,,0.67,742
69,2:non_solution,1:solution,+,0.647,631
70,2:non_solution,2:non_solution,,0.925,612
71,2:non_solution,2:non_solution,,0.525,713
72,2:non_solution,2:non_solution,,0.801,791
73,2:non_solution,2:non_solution,,0.654,904
74,2:non_solution,2:non_solution,,0.876,878
75,2:non_solution,2:non_solution,,0.971,957
76,2:non_solution,1:solution,+,0.582,816
77,2:non_solution,2:non_solution,,0.777,802
78,2:non_solution,2:non_solution,,0.706,781
79,2:non_solution,2:non_solution,,0.507,700
80,2:non_solution,2:non_solution,,0.632,759
81,2:non_solution,2:non_solution,,0.562,872
82,2:non_solution,2:non_solution,,0.755,541
83,2:non_solution,2:non_solution,,0.628,531
84,2:non_solution,2:non_solution,,0.55,826
85,2:non_solution,2:non_solution,,0.89,944
86,2:non_solution,2:non_solution,,0.905,565
87,2:non_solution,2:non_solution,,0.936,517
88,2:non_solution,1:solution,+,0.507,918
89,2:non_solution,2:non_solution,,0.609,852
90,2:non_solution,2:non_solution,,0.64,667
91,2:non_solution,1:solution,+,0.738,834
92,2:non_solution,2:non_solution,,0.957,680
93,2:non_solution,2:non_solution,,0.858,505
94,2:non_solution,2:non_solution,,0.809,896
95,2:non_solution,2:non_solution,,0.735,895
96,2:non_solution,2:non_solution,,0.937,641
97,2:non_solution,2:non_solution,,0.827,825
98,2:non_solution,2:non_solution,,0.68,783
99,2:non_solution,1:solution,+,0.655,793
100,2:non_solution,2:non_solution,,0.864,518
1,1:solution,2:non_solution,+,0.523,268
2,1:solution,2:non_solution,+,0.526,417
3,1:solution,1:solution,,0.697,14
4,1:solution,1:solution,,0.943,179
5,1:solution,1:solution,,0.576,62
6,1:solution,1:solution,,0.537,222
7,1:solution,1:solution,,0.705,302
8,1:solution,1:solution,,0.872,270
9,1:solution,2:non_solution,+,0.614,243
10,1:solution,1:solution,,0.814,250
11,1:solution,1:solution,,0.771,93
12,1:solution,1:solution,,0.672,40
13,1:solution,1:solution,,0.772,299
14,1:solution,1:solution,,0.882,49
15,1:solution,1:solution,,0.555,224
16,1:solution,2:non_solution,+,0.876,70
17,1:solution,1:solution,,0.812,248
18,1:solution,1:solution,,0.552,184
19,1:solution,1:solution,,0.733,411
20,1:solution,1:solution,,0.838,106
21,1:solution,2:non_solution,+,0.53,288
22,1:solution,1:solution,,0.617,136
23,1:solution,1:solution,,0.661,2
24,1:solution,1:solution,,0.754,165
25,1:solution,1:solution,,0.847,282
26,1:solution,2:non_solution,+,0.569,86
27,1:solution,2:non_solution,+,0.538,491
28,1:solution,1:solution,,0.851,384
29,1:solution,1:solution,,0.694,221
30,1:solution,1:solution,,0.814,287
31,1:solution,1:solution,,0.636,35
32,1:solution,1:solution,,0.849,305
33,1:solution,1:solution,,0.875,422
34,1:solution,1:solution,,0.643,253
35,1:solution,1:solution,,0.849,317
36,1:solution,1:solution,,0.853,134
37,1:solution,1:solution,,0.729,53
38,1:solution,2:non_solution,+,0.546,426
39,1:solution,1:solution,,0.788,242
40,1:solution,1:solution,,0.656,303
41,1:solution,1:solution,,0.763,401
42,1:solution,2:non_solution,+,0.702,258
43,1:solution,2:non_solution,+,0.665,421
44,1:solution,2:non_solution,+,0.674,107
45,1:solution,2:non_solution,+,0.547,129
46,1:solution,1:solution,,0.852,355
47,1:solution,2:non_solution,+,0.919,32
48,1:solution,1:solution,,0.759,41
49,1:solution,1:solution,,0.768,361
50,1:solution,2:non_solution,+,0.627,153
51,2:non_solution,2:non_solution,,0.854,645
52,2:non_solution,1:solution,+,0.66,622
53,2:non_solution,2:non_solution,,0.97,683
54,2:non_solution,2:non_solution,,0.834,592
55,2:non_solution,2:non_solution,,0.845,506
56,2:non_solution,2:non_solution,,0.839,976
57,2:non_solution,2:non_solution,,0.88,610
58,2:non_solution,2:non_solution,,0.939,884
59,2:non_solution,1:solution,+,0.699,579
60,2:non_solution,2:non_solution,,0.789,762
61,2:non_solution,2:non_solution,,0.618,997
62,2:non_solution,2:non_solution,,0.92,554
63,2:non_solution,1:solution,+,0.513,623
64,2:non_solution,2:non_solution,,0.734,553
65,2:non_solution,2:non_solution,,0.935,906
66,2:non_solution,2:non_solution,,0.855,983
67,2:non_solution,2:non_solution,,0.746,540
68,2:non_solution,1:solution,+,0.546,716
69,2:non_solution,1:solution,+,0.707,833
70,2:non_solution,1:solution,+,0.587,670
71,2:non_solution,1:solution,+,0.835,937
72,2:non_solution,2:non_solution,,0.841,648
73,2:non_solution,2:non_solution,,0.823,536
74,2:non_solution,1:solution,+,0.635,606
75,2:non_solution,2:non_solution,,0.813,669
76,2:non_solution,2:non_solution,,0.979,532
77,2:non_solution,2:non_solution,,0.766,635
78,2:non_solution,1:solution,+,0.57,849
79,2:non_solution,1:solution,+,0.707,933
80,2:non_solution,1:solution,+,0.509,923
81,2:non_solution,2:non_solution,,0.616,727
82,2:non_solution,2:non_solution,,0.868,681
83,2:non_solution,2:non_solution,,0.616,844
84,2:non_solution,2:non_solution,,0.861,886
85,2:non_solution,1:solution,+,0.923,674
86,2:non_solution,2:non_solution,,0.834,992
87,2:non_solution,1:solution,+,0.7,682
88,2:non_solution,2:non_solution,,0.938,840
89,2:non_solution,2:non_solution,,0.963,514
90,2:non_solution,2:non_solution,,0.804,629
91,2:non_solution,2:non_solution,,0.906,656
92,2:non_solution,2:non_solution,,0.908,765
93,2:non_solution,2:non_solution,,0.812,838
94,2:non_solution,2:non_solution,,0.857,822
95,2:non_solution,2:non_solution,,0.562,596
96,2:non_solution,2:non_solution,,0.672,903
97,2:non_solution,1:solution,+,0.818,736
98,2:non_solution,2:non_solution,,0.741,585
99,2:non_solution,2:non_solution,,0.691,935
100,2:non_solution,2:non_solution,,0.57,930
1,1:solution,1:solution,,0.857,45
2,1:solution,1:solution,,0.664,273
3,1:solution,1:solution,,0.592,456
4,1:solution,1:solution,,0.849,89
5,1:solution,1:solution,,0.609,128
6,1:solution,1:solution,,0.659,87
7,1:solution,1:solution,,0.683,316
8,1:solution,1:solution,,0.716,436
9,1:solution,1:solution,,0.619,478
10,1:solution,1:solution,,0.842,52
11,1:solution,1:solution,,0.549,353
12,1:solution,1:solution,,0.86,43
13,1:solution,2:non_solution,+,0.58,350
14,1:solution,1:solution,,0.583,42
15,1:solution,1:solution,,0.837,56
16,1:solution,1:solution,,0.516,444
17,1:solution,1:solution,,0.644,251
18,1:solution,1:solution,,0.639,474
19,1:solution,1:solution,,0.716,219
20,1:solution,1:solution,,0.67,138
21,1:solution,1:solution,,0.799,315
22,1:solution,1:solution,,0.893,23
23,1:solution,1:solution,,0.648,435
24,1:solution,2:non_solution,+,0.608,370
25,1:solution,2:non_solution,+,0.927,310
26,1:solution,1:solution,,0.814,281
27,1:solution,1:solution,,0.579,335
28,1:solution,1:solution,,0.607,30
29,1:solution,2:non_solution,+,0.571,154
30,1:solution,1:solution,,0.535,329
31,1:solution,2:non_solution,+,0.536,467
32,1:solution,1:solution,,0.889,261
33,1:solution,2:non_solution,+,0.621,247
34,1:solution,1:solution,,0.618,292
35,1:solution,1:solution,,0.838,375
36,1:solution,1:solution,,0.843,446
37,1:solution,1:solution,,0.78,18
38,1:solution,1:solution,,0.727,31
39,1:solution,1:solution,,0.58,249
40,1:solution,1:solution,,0.806,207
41,1:solution,2:non_solution,+,0.7,54
42,1:solution,1:solution,,0.926,7
43,1:solution,1:solution,,0.634,391
44,1:solution,1:solution,,0.684,497
45,1:solution,2:non_solution,+,0.846,374
46,1:solution,1:solution,,0.665,470
47,1:solution,1:solution,,0.671,72
48,1:solution,1:solution,,0.648,79
49,1:solution,1:solution,,0.929,275
50,1:solution,1:solution,,0.549,430
51,2:non_solution,2:non_solution,,0.83,754
52,2:non_solution,2:non_solution,,0.53,556
53,2:non_solution,2:non_solution,,0.927,608
54,2:non_solution,2:non_solution,,0.596,676
55,2:non_solution,2:non_solution,,0.576,965
56,2:non_solution,2:non_solution,,0.802,615
57,2:non_solution,2:non_solution,,0.731,950
58,2:non_solution,1:solution,+,0.556,925
59,2:non_solution,2:non_solution,,0.663,835
60,2:non_solution,2:non_solution,,0.566,530
61,2:non_solution,2:non_solution,,0.82,649
62,2:non_solution,1:solution,+,0.516,658
63,2:non_solution,1:solution,+,0.906,901
64,2:non_solution,2:non_solution,,0.897,831
65,2:non_solution,2:non_solution,,0.873,990
66,2:non_solution,1:solution,+,0.916,559
67,2:non_solution,2:non_solution,,0.895,988
68,2:non_solution,1:solution,+,0.82,595
69,2:non_solution,2:non_solution,,0.967,927
70,2:non_solution,2:non_solution,,0.74,760
71,2:non_solution,2:non_solution,,0.91,799
72,2:non_solution,2:non_solution,,0.808,864
73,2:non_solution,2:non_solution,,0.968,756
74,2:non_solution,2:non_solution,,0.794,708
75,2:non_solution,2:non_solution,,0.648,850
76,2:non_solution,2:non_solution,,0.868,929
77,2:non_solution,2:non_solution,,0.812,711
78,2:non_solution,2:non_solution,,0.511,684
79,2:non_solution,2:non_solution,,0.77,666
80,2:non_solution,2:non_solution,,0.971,515
81,2:non_solution,1:solution,+,0.601,823
82,2:non_solution,2:non_solution,,0.947,570
83,2:non_solution,2:non_solution,,0.85,939
84,2:non_solution,2:non_solution,,0.842,804
85,2:non_solution,2:non_solution,,0.606,571
86,2:non_solution,2:non_solution,,0.777,910
87,2:non_solution,1:solution,+,0.864,586
88,2:non_solution,1:solution,+,0.526,786
89,2:non_solution,2:non_solution,,0.845,502
90,2:non_solution,2:non_solution,,0.879,607
91,2:non_solution,2:non_solution,,0.75,600
92,2:non_solution,2:non_solution,,0.952,862
93,2:non_solution,2:non_solution,,0.868,881
94,2:non_solution,2:non_solution,,0.589,721
95,2:non_solution,2:non_solution,,0.654,639
96,2:non_solution,2:non_solution,,0.721,865
97,2:non_solution,2:non_solution,,0.515,936
98,2:non_solution,1:solution,+,0.64,915
99,2:non_solution,2:non_solution,,0.922,605
100,2:non_solution,1:solution,+,0.567,675
1,1:solution,1:solution,,0.843,479
2,1:solution,1:solution,,0.669,405
3,1:solution,2:non_solution,+,0.79,351
4,1:solution,1:solution,,0.786,408
5,1:solution,1:solution,,0.804,483
6,1:solution,1:solution,,0.897,434
7,1:solution,1:solution,,0.643,91
8,1:solution,1:solution,,0.705,130
9,1:solution,1:solution,,0.753,81
10,1:solution,2:non_solution,+,0.526,256
11,1:solution,1:solution,,0.912,485
12,1:solution,1:solution,,0.821,117
13,1:solution,2:non_solution,+,0.737,119
14,1:solution,2:non_solution,+,0.875,488
15,1:solution,1:solution,,0.701,55
16,1:solution,1:solution,,0.655,126
17,1:solution,1:solution,,0.702,189
18,1:solution,1:solution,,0.575,423
19,1:solution,1:solution,,0.697,345
20,1:solution,1:solution,,0.891,200
21,1:solution,1:solution,,0.803,173
22,1:solution,1:solution,,0.647,301
23,1:solution,1:solution,,0.73,218
24,1:solution,1:solution,,0.844,276
25,1:solution,1:solution,,0.675,21
26,1:solution,2:non_solution,+,0.64,212
27,1:solution,1:solution,,0.52,484
28,1:solution,1:solution,,0.735,217
29,1:solution,1:solution,,0.559,416
30,1:solution,1:solution,,0.785,439
31,1:solution,1:solution,,0.859,36
32,1:solution,1:solution,,0.828,59
33,1:solution,1:solution,,0.801,320
34,1:solution,1:solution,,0.93,304
35,1:solution,1:solution,,0.754,76
36,1:solution,1:solution,,0.854,96
37,1:solution,1:solution,,0.53,425
38,1:solution,1:solution,,0.714,409
39,1:solution,1:solution,,0.798,326
40,1:solution,1:solution,,0.897,336
41,1:solution,1:solution,,0.543,101
42,1:solution,1:solution,,0.745,193
43,1:solution,1:solution,,0.745,263
44,1:solution,2:non_solution,+,0.537,332
45,1:solution,1:solution,,0.942,163
46,1:solution,1:solution,,0.723,11
47,1:solution,1:solution,,0.634,90
48,1:solution,1:solution,,0.876,499
49,1:solution,1:solution,,0.798,346
50,1:solution,1:solution,,0.783,260
51,2:non_solution,2:non_solution,,0.611,812
52,2:non_solution,1:solution,+,0.728,961
53,2:non_solution,2:non_solution,,0.844,848
54,2:non_solution,1:solution,+,0.587,590
55,2:non_solution,1:solution,+,0.514,692
56,2:non_solution,2:non_solution,,0.854,652
57,2:non_solution,2:non_solution,,0.89,594
58,2:non_solution,2:non_solution,,0.746,734
59,2:non_solution,1:solution,+,0.676,598
60,2:non_solution,2:non_solution,,0.825,785
61,2:non_solution,1:solution,+,0.581,712
62,2:non_solution,2:non_solution,,0.705,858
63,2:non_solution,2:non_solution,,0.571,960
64,2:non_solution,2:non_solution,,0.673,914
65,2:non_solution,2:non_solution,,0.927,611
66,2:non_solution,2:non_solution,,0.889,908
67,2:non_solution,1:solution,+,0.901,561
68,2:non_solution,1:solution,+,0.838,743
69,2:non_solution,2:non_solution,,0.93,588
70,2:non_solution,2:non_solution,,0.86,875
71,2:non_solution,2:non_solution,,0.679,735
72,2:non_solution,2:non_solution,,0.941,821
73,2:non_solution,2:non_solution,,0.822,1000
74,2:non_solution,1:solution,+,0.608,562
75,2:non_solution,2:non_solution,,0.807,851
76,2:non_solution,2:non_solution,,0.961,817
77,2:non_solution,2:non_solution,,0.754,909
78,2:non_solution,2:non_solution,,0.959,803
79,2:non_solution,2:non_solution,,0.847,755
80,2:non_solution,1:solution,+,0.523,710
81,2:non_solution,1:solution,+,0.519,777
82,2:non_solution,2:non_solution,,0.88,815
83,2:non_solution,1:solution,+,0.706,870
84,2:non_solution,2:non_solution,,0.729,701
85,2:non_solution,1:solution,+,0.565,575
86,2:non_solution,2:non_solution,,0.626,677
87,2:non_solution,2:non_solution,,0.947,508
88,2:non_solution,2:non_solution,,0.82,693
89,2:non_solution,2:non_solution,,0.826,921
90,2:non_solution,2:non_solution,,0.812,842
91,2:non_solution,2:non_solution,,0.79,857
92,2:non_solution,1:solution,+,0.59,679
93,2:non_solution,2:non_solution,,0.749,779
94,2:non_solution,2:non_solution,,0.656,524
95,2:non_solution,2:non_solution,,0.753,618
96,2:non_solution,2:non_solution,,0.856,922
97,2:non_solution,2:non_solution,,0.856,829
98,2:non_solution,2:non_solution,,0.968,731
99,2:non_solution,2:non_solution,,0.931,916
100,2:non_solution,1:solution,+,0.619,563
1,1:solution,1:solution,,0.9,57
2,1:solution,1:solution,,0.786,427
3,1:solution,1:solution,,0.841,369
4,1:solution,1:solution,,0.897,458
5,1:solution,1:solution,,0.741,306
6,1:solution,1:solution,,0.875,366
7,1:solution,1:solution,,0.832,120
8,1:solution,1:solution,,0.789,496
9,1:solution,1:solution,,0.734,15
10,1:solution,2:non_solution,+,0.7,77
11,1:solution,1:solution,,0.806,75
12,1:solution,1:solution,,0.647,50
13,1:solution,1:solution,,0.804,34
14,1:solution,1:solution,,0.563,280
15,1:solution,2:non_solution,+,0.617,289
16,1:solution,1:solution,,0.543,235
17,1:solution,2:non_solution,+,0.684,211
18,1:solution,1:solution,,0.884,114
19,1:solution,1:solution,,0.849,397
20,1:solution,2:non_solution,+,0.657,255
21,1:solution,1:solution,,0.908,415
22,1:solution,1:solution,,0.803,319
23,1:solution,2:non_solution,+,0.715,308
24,1:solution,2:non_solution,+,0.806,98
25,1:solution,2:non_solution,+,0.578,151
26,1:solution,1:solution,,0.65,246
27,1:solution,1:solution,,0.877,167
28,1:solution,1:solution,,0.598,356
29,1:solution,1:solution,,0.541,178
30,1:solution,1:solution,,0.747,385
31,1:solution,2:non_solution,+,0.61,487
32,1:solution,1:solution,,0.775,170
33,1:solution,1:solution,,0.864,371
34,1:solution,1:solution,,0.594,352
35,1:solution,1:solution,,0.52,395
36,1:solution,1:solution,,0.881,285
37,1:solution,1:solution,,0.695,428
38,1:solution,1:solution,,0.927,461
39,1:solution,2:non_solution,+,0.568,141
40,1:solution,1:solution,,0.838,406
41,1:solution,1:solution,,0.896,392
42,1:solution,1:solution,,0.776,311
43,1:solution,1:solution,,0.838,464
44,1:solution,1:solution,,0.79,152
45,1:solution,1:solution,,0.585,437
46,1:solution,1:solution,,0.714,475
47,1:solution,1:solution,,0.902,389
48,1:solution,1:solution,,0.566,393
49,1:solution,2:non_solution,+,0.689,372
50,1:solution,2:non_solution,+,0.663,216
51,2:non_solution,2:non_solution,,0.591,642
52,2:non_solution,2:non_solution,,0.694,661
53,2:non_solution,2:non_solution,,0.909,832
54,2:non_solution,1:solution,+,0.701,998
55,2:non_solution,2:non_solution,,0.716,854
56,2:non_solution,1:solution,+,0.569,589
57,2:non_solution,2:non_solution,,0.559,718
58,2:non_solution,2:non_solution,,0.736,984
59,2:non_solution,1:solution,+,0.589,893
60,2:non_solution,1:solution,+,0.629,647
61,2:non_solution,1:solution,+,0.625,841
62,2:non_solution,2:non_solution,,0.878,917
63,2:non_solution,2:non_solution,,0.727,637
64,2:non_solution,2:non_solution,,0.649,974
65,2:non_solution,2:non_solution,,0.745,604
66,2:non_solution,2:non_solution,,0.909,940
67,2:non_solution,1:solution,+,0.693,913
68,2:non_solution,2:non_solution,,0.818,527
69,2:non_solution,1:solution,+,0.765,577
70,2:non_solution,2:non_solution,,0.673,620
71,2:non_solution,1:solution,+,0.774,981
72,2:non_solution,1:solution,+,0.718,643
73,2:non_solution,2:non_solution,,0.927,920
74,2:non_solution,2:non_solution,,0.535,995
75,2:non_solution,1:solution,+,0.648,558
76,2:non_solution,2:non_solution,,0.646,889
77,2:non_solution,1:solution,+,0.728,690
78,2:non_solution,1:solution,+,0.621,686
79,2:non_solution,1:solution,+,0.571,952
80,2:non_solution,1:solution,+,0.757,813
81,2:non_solution,2:non_solution,,0.838,543
82,2:non_solution,2:non_solution,,0.745,668
83,2:non_solution,2:non_solution,,0.869,792
84,2:non_solution,2:non_solution,,0.953,768
85,2:non_solution,2:non_solution,,0.668,905
86,2:non_solution,1:solution,+,0.844,987
87,2:non_solution,2:non_solution,,0.55,591
88,2:non_solution,2:non_solution,,0.968,567
89,2:non_solution,1:solution,+,0.773,624
90,2:non_solution,2:non_solution,,0.708,627
91,2:non_solution,2:non_solution,,0.692,659
92,2:non_solution,2:non_solution,,0.872,846
93,2:non_solution,1:solution,+,0.533,789
94,2:non_solution,2:non_solution,,0.956,613
95,2:non_solution,2:non_solution,,0.887,573
96,2:non_solution,2:non_solution,,0.94,855
97,2:non_solution,1:solution,+,0.621,704
98,2:non_solution,2:non_solution,,0.899,797
99,2:non_solution,1:solution,+,0.734,521
100,2:non_solution,2:non_solution,,0.927,660
1,1:solution,1:solution,,0.85,266
2,1:solution,1:solution,,0.783,259
3,1:solution,1:solution,,0.775,380
4,1:solution,1:solution,,0.848,381
5,1:solution,1:solution,,0.824,198
6,1:solution,2:non_solution,+,0.56,231
7,1:solution,1:solution,,0.522,6
8,1:solution,1:solution,,0.86,468
9,1:solution,2:non_solution,+,0.583,183
10,1:solution,2:non_solution,+,0.583,481
11,1:solution,1:solution,,0.921,338
12,1:solution,1:solution,,0.749,354
13,1:solution,1:solution,,0.785,358
14,1:solution,1:solution,,0.761,429
15,1:solution,1:solution,,0.88,177
16,1:solution,1:solution,,0.653,386
17,1:solution,1:solution,,0.819,498
18,1:solution,1:solution,,0.911,454
19,1:solution,1:solution,,0.658,254
20,1:solution,1:solution,,0.784,147
21,1:solution,1:solution,,0.833,399
22,1:solution,1:solution,,0.668,68
23,1:solution,1:solution,,0.586,29
24,1:solution,1:solution,,0.616,4
25,1:solution,1:solution,,0.761,291
26,1:solution,1:solution,,0.602,3
27,1:solution,2:non_solution,+,0.65,28
28,1:solution,1:solution,,0.752,38
29,1:solution,1:solution,,0.782,191
30,1:solution,1:solution,,0.545,410
31,1:solution,1:solution,,0.715,489
32,1:solution,1:solution,,0.57,404
33,1:solution,1:solution,,0.54,226
34,1:solution,2:non_solution,+,0.736,100
35,1:solution,1:solution,,0.833,432
36,1:solution,1:solution,,0.801,438
37,1:solution,1:solution,,0.796,24
38,1:solution,1:solution,,0.766,164
39,1:solution,1:solution,,0.523,321
40,1:solution,2:non_solution,+,0.748,47
41,1:solution,2:non_solution,+,0.528,63
42,1:solution,1:solution,,0.795,51
43,1:solution,1:solution,,0.555,210
44,1:solution,2:non_solution,+,0.622,65
45,1:solution,2:non_solution,+,0.59,459
46,1:solution,1:solution,,0.832,135
47,1:solution,1:solution,,0.922,125
48,1:solution,1:solution,,0.937,150
49,1:solution,2:non_solution,+,0.648,473
50,1:solution,1:solution,,0.835,337
51,2:non_solution,1:solution,+,0.687,646
52,2:non_solution,2:non_solution,,0.67,614
53,2:non_solution,2:non_solution,,0.863,805
54,2:non_solution,1:solution,+,0.658,695
55,2:non_solution,1:solution,+,0.503,839
56,2:non_solution,2:non_solution,,0.78,544
57,2:non_solution,2:non_solution,,0.56,557
58,2:non_solution,1:solution,+,0.877,806
59,2:non_solution,2:non_solution,,0.681,738
60,2:non_solution,2:non_solution,,0.876,516
61,2:non_solution,1:solution,+,0.586,740
62,2:non_solution,1:solution,+,0.563,628
63,2:non_solution,2:non_solution,,0.702,538
64,2:non_solution,2:non_solution,,0.888,546
65,2:non_solution,1:solution,+,0.774,523
66,2:non_solution,2:non_solution,,0.92,728
67,2:non_solution,2:non_solution,,0.867,774
68,2:non_solution,2:non_solution,,0.951,526
69,2:non_solution,2:non_solution,,0.878,892
70,2:non_solution,2:non_solution,,0.543,560
71,2:non_solution,2:non_solution,,0.723,650
72,2:non_solution,2:non_solution,,0.799,994
73,2:non_solution,2:non_solution,,0.951,539
74,2:non_solution,2:non_solution,,0.898,671
75,2:non_solution,2:non_solution,,0.695,746
76,2:non_solution,2:non_solution,,0.721,900
77,2:non_solution,2:non_solution,,0.937,911
78,2:non_solution,2:non_solution,,0.868,959
79,2:non_solution,2:non_solution,,0.714,748
80,2:non_solution,2:non_solution,,0.584,874
81,2:non_solution,2:non_solution,,0.932,739
82,2:non_solution,2:non_solution,,0.507,534
83,2:non_solution,2:non_solution,,0.744,879
84,2:non_solution,2:non_solution,,0.725,880
85,2:non_solution,1:solution,+,0.528,509
86,2:non_solution,2:non_solution,,0.8,689
87,2:non_solution,2:non_solution,,0.748,737
88,2:non_solution,2:non_solution,,0.895,549
89,2:non_solution,2:non_solution,,0.844,934
90,2:non_solution,2:non_solution,,0.659,699
91,2:non_solution,2:non_solution,,0.837,956
92,2:non_solution,2:non_solution,,0.932,655
93,2:non_solution,2:non_solution,,0.916,678
94,2:non_solution,2:non_solution,,0.666,542
95,2:non_solution,2:non_solution,,0.921,796
96,2:non_solution,1:solution,+,0.5,672
97,2:non_solution,1:solution,+,0.658,975
98,2:non_solution,2:non_solution,,0.574,574
99,2:non_solution,2:non_solution,,0.747,580
100,2:non_solution,2:non_solution,,0.703,569
1,1:solution,1:solution,,0.888,347
2,1:solution,2:non_solution,+,0.538,252
3,1:solution,1:solution,,0.769,349
4,1:solution,1:solution,,0.802,328
5,1:solution,1:solution,,0.592,213
6,1:solution,1:solution,,0.748,420
7,1:solution,1:solution,,0.765,362
8,1:solution,1:solution,,0.859,60
9,1:solution,1:solution,,0.901,133
10,1:solution,1:solution,,0.848,455
11,1:solution,1:solution,,0.771,344
12,1:solution,1:solution,,0.654,272
13,1:solution,1:solution,,0.53,37
14,1:solution,1:solution,,0.785,108
15,1:solution,2:non_solution,+,0.787,471
16,1:solution,1:solution,,0.552,403
17,1:solution,1:solution,,0.721,115
18,1:solution,2:non_solution,+,0.526,442
19,1:solution,2:non_solution,+,0.514,378
20,1:solution,1:solution,,0.702,99
21,1:solution,1:solution,,0.556,441
22,1:solution,2:non_solution,+,0.592,407
23,1:solution,1:solution,,0.595,174
24,1:solution,1:solution,,0.771,460
25,1:solution,1:solution,,0.84,176
26,1:solution,1:solution,,0.859,324
27,1:solution,1:solution,,0.504,124
28,1:solution,1:solution,,0.557,500
29,1:solution,1:solution,,0.682,116
30,1:solution,1:solution,,0.666,331
31,1:solution,1:solution,,0.699,286
32,1:solution,1:solution,,0.612,333
33,1:solution,1:solution,,0.616,118
34,1:solution,1:solution,,0.826,367
35,1:solution,1:solution,,0.916,236
36,1:solution,1:solution,,0.755,16
37,1:solution,1:solution,,0.904,39
38,1:solution,1:solution,,0.754,418
39,1:solution,2:non_solution,+,0.595,142
40,1:solution,1:solution,,0.596,69
41,1:solution,1:solution,,0.71,188
42,1:solution,1:solution,,0.728,240
43,1:solution,1:solution,,0.639,279
44,1:solution,1:solution,,0.847,214
45,1:solution,1:solution,,0.567,97
46,1:solution,2:non_solution,+,0.746,284
47,1:solution,1:solution,,0.835,431
48,1:solution,1:solution,,0.891,486
49,1:solution,1:solution,,0.771,482
50,1:solution,1:solution,,0.83,123
51,2:non_solution,2:non_solution,,0.975,898
52,2:non_solution,2:non_solution,,0.706,730
53,2:non_solution,2:non_solution,,0.586,504
54,2:non_solution,2:non_solution,,0.903,587
55,2:non_solution,2:non_solution,,0.79,717
56,2:non_solution,2:non_solution,,0.971,941
57,2:non_solution,2:non_solution,,0.863,503
58,2:non_solution,2:non_solution,,0.585,550
59,2:non_solution,2:non_solution,,0.906,510
60,2:non_solution,2:non_solution,,0.681,723
61,2:non_solution,2:non_solution,,0.581,807
62,2:non_solution,2:non_solution,,0.649,568
63,2:non_solution,2:non_solution,,0.938,818
64,2:non_solution,2:non_solution,,0.941,512
65,2:non_solution,2:non_solution,,0.906,907
66,2:non_solution,2:non_solution,,0.802,809
67,2:non_solution,1:solution,+,0.535,513
68,2:non_solution,2:non_solution,,0.946,824
69,2:non_solution,2:non_solution,,0.748,993
70,2:non_solution,2:non_solution,,0.514,749
71,2:non_solution,2:non_solution,,0.719,582
72,2:non_solution,2:non_solution,,0.744,982
73,2:non_solution,2:non_solution,,0.975,714
74,2:non_solution,2:non_solution,,0.78,866
75,2:non_solution,2:non_solution,,0.98,576
76,2:non_solution,2:non_solution,,0.983,702
77,2:non_solution,2:non_solution,,0.584,533
78,2:non_solution,1:solution,+,0.869,902
79,2:non_solution,1:solution,+,0.671,715
80,2:non_solution,2:non_solution,,0.972,597
81,2:non_solution,2:non_solution,,0.959,919
82,2:non_solution,2:non_solution,,0.912,775
83,2:non_solution,2:non_solution,,0.937,778
84,2:non_solution,2:non_solution,,0.634,883
85,2:non_solution,2:non_solution,,0.921,938
86,2:non_solution,1:solution,+,0.561,719
87,2:non_solution,2:non_solution,,0.84,745
88,2:non_solution,2:non_solution,,0.776,529
89,2:non_solution,2:non_solution,,0.739,698
90,2:non_solution,2:non_solution,,0.604,885
91,2:non_solution,2:non_solution,,0.633,868
92,2:non_solution,2:non_solution,,0.682,609
93,2:non_solution,2:non_solution,,0.78,800
94,2:non_solution,2:non_solution,,0.91,747
95,2:non_solution,2:non_solution,,0.662,951
96,2:non_solution,1:solution,+,0.598,999
97,2:non_solution,2:non_solution,,0.738,876
98,2:non_solution,1:solution,+,0.555,947
99,2:non_solution,1:solution,+,0.826,928
100,2:non_solution,2:non_solution,,0.926,986