inst#,actual,predicted,error,prediction,ID
1,1:solution,1:solution,,0.654,447
2,1:solution,1:solution,,0.945,402
3,1:solution,2:non_solution,+,0.64,94
4,1:solution,2:non_solution,+,0.898,463
5,1:solution,1:solution,,0.729,175
6,1:solution,1:solution,,0.956,194
7,1:solution,1:solution,,0.837,196
8,1:solution,1:solution,,0.645,398
9,1:solution,1:solution,,0.72,33
10,1:solution,1:solution,,0.73,156
11,1:solution,2:non_solution,+,0.816,209
12,1:solution,1:solution,,0.829,480
13,1:solution,2:non_solution,+,0.738,476
14,1:solution,1:solution,,0.564,412
15,1:solution,1:solution,,0.57,494
16,1:solution,1:solution,,0.701,144
17,1:solution,1:solution,,0.935,376
18,1:solution,1:solution,,0.79,10
19,1:solution,1:solution,,0.696,78
20,1:solution,2:non_solution,+,0.553,181
21,1:solution,1:solution,,0.828,182
22,1:solution,1:solution,,0.665,190
23,1:solution,1:solution,,0.917,143
24,1:solution,1:solution,,0.748,140
25,1:solution,1:solution,,0.968,8
26,1:solution,1:solution,,0.642,323
27,1:solution,1:solution,,0.945,300
28,1:solution,2:non_solution,+,0.544,102
29,1:solution,1:solution,,0.842,73
30,1:solution,1:solution,,0.889,433
31,1:solution,2:non_solution,+,0.66,262
32,1:solution,2:non_solution,+,0.843,373
33,1:solution,2:non_solution,+,0.864,312
34,1:solution,2:non_solution,+,0.506,149
35,1:solution,2:non_solution,+,0.552,206
36,1:solution,1:solution,,0.896,343
37,1:solution,1:solution,,0.783,185
38,1:solution,1:solution,,0.888,419
39,1:solution,1:solution,,0.939,132
40,1:solution,1:solution,,0.887,157
41,1:solution,1:solution,,0.9,105
42,1:solution,1:solution,,0.867,298
43,1:solution,1:solution,,0.589,61
44,1:solution,1:solution,,0.542,466
45,1:solution,1:solution,,0.788,359
46,1:solution,1:solution,,0.502,1
47,1:solution,1:solution,,0.909,230
48,1:solution,1:solution,,0.957,172
49,1:solution,1:solution,,0.786,296
50,1:solution,1:solution,,0.654,5
51,2:non_solution,2:non_solution,,0.897,819
52,2:non_solution,2:non_solution,,0.968,827
53,2:non_solution,2:non_solution,,0.757,843
54,2:non_solution,2:non_solution,,0.996,725
55,2:non_solution,1:solution,+,0.53,625
56,2:non_solution,2:non_solution,,0.522,953
57,2:non_solution,1:solution,+,0.898,894
58,2:non_solution,1:solution,+,0.573,808
59,2:non_solution,2:non_solution,,0.619,578
60,2:non_solution,2:non_solution,,0.975,572
61,2:non_solution,1:solution,+,0.772,733
62,2:non_solution,2:non_solution,,0.983,764
63,2:non_solution,2:non_solution,,0.602,706
64,2:non_solution,1:solution,+,0.951,989
65,2:non_solution,1:solution,+,0.919,525
66,2:non_solution,1:solution,+,0.511,653
67,2:non_solution,1:solution,+,0.598,707
68,2:non_solution,2:non_solution,,0.572,887
69,2:non_solution,1:solution,+,0.872,552
70,2:non_solution,2:non_solution,,0.926,980
71,2:non_solution,2:non_solution,,0.608,877
72,2:non_solution,2:non_solution,,0.981,890
73,2:non_solution,2:non_solution,,0.843,945
74,2:non_solution,1:solution,+,0.903,966
75,2:non_solution,1:solution,+,0.65,996
76,2:non_solution,1:solution,+,0.887,955
77,2:non_solution,2:non_solution,,0.971,787
78,2:non_solution,1:solution,+,0.638,795
79,2:non_solution,1:solution,+,0.622,685
80,2:non_solution,2:non_solution,,0.925,784
81,2:non_solution,2:non_solution,,0.546,691
82,2:non_solution,1:solution,+,0.786,932
83,2:non_solution,1:solution,+,0.936,962
84,2:non_solution,2:non_solution,,0.965,828
85,2:non_solution,1:solution,+,0.505,638
86,2:non_solution,2:non_solution,,0.576,583
87,2:non_solution,2:non_solution,,0.953,973
88,2:non_solution,2:non_solution,,0.862,726
89,2:non_solution,2:non_solution,,0.502,861
90,2:non_solution,2:non_solution,,0.992,551
91,2:non_solution,2:non_solution,,0.963,869
92,2:non_solution,1:solution,+,0.729,968
93,2:non_solution,2:non_solution,,0.963,873
94,2:non_solution,2:non_solution,,0.788,547
95,2:non_solution,2:non_solution,,0.977,616
96,2:non_solution,1:solution,+,0.748,603
97,2:non_solution,2:non_solution,,0.731,788
98,2:non_solution,2:non_solution,,0.635,776
99,2:non_solution,2:non_solution,,0.96,617
100,2:non_solution,2:non_solution,,0.983,752
1,1:solution,1:solution,,0.739,414
2,1:solution,2:non_solution,+,0.611,368
3,1:solution,1:solution,,0.645,314
4,1:solution,1:solution,,0.807,22
5,1:solution,1:solution,,0.671,121
6,1:solution,1:solution,,0.961,363
7,1:solution,1:solution,,0.954,424
8,1:solution,2:non_solution,+,0.628,195
9,1:solution,1:solution,,0.603,383
10,1:solution,1:solution,,0.519,199
11,1:solution,2:non_solution,+,0.598,202
12,1:solution,2:non_solution,+,0.699,20
13,1:solution,1:solution,,0.937,341
14,1:solution,1:solution,,0.642,387
15,1:solution,1:solution,,0.854,139
16,1:solution,1:solution,,0.592,379
17,1:solution,1:solution,,0.644,290
18,1:solution,1:solution,,0.883,203
19,1:solution,1:solution,,0.971,238
20,1:solution,1:solution,,0.894,388
21,1:solution,1:solution,,0.794,223
22,1:solution,1:solution,,0.76,457
23,1:solution,1:solution,,0.561,103
24,1:solution,1:solution,,0.713,327
25,1:solution,1:solution,,0.803,283
26,1:solution,2:non_solution,+,0.633,364
27,1:solution,1:solution,,0.735,449
28,1:solution,2:non_solution,+,0.699,233
29,1:solution,1:solution,,0.948,453
30,1:solution,1:solution,,0.709,396
31,1:solution,1:solution,,0.59,318
32,1:solution,1:solution,,0.805,400
33,1:solution,2:non_solution,+,0.961,330
34,1:solution,1:solution,,0.626,64
35,1:solution,1:solution,,0.766,448
36,1:solution,1:solution,,0.64,357
37,1:solution,1:solution,,0.822,112
38,1:solution,2:non_solution,+,0.582,208
39,1:solution,1:solution,,0.953,490
40,1:solution,2:non_solution,+,0.622,309
41,1:solution,1:solution,,0.903,450
42,1:solution,1:solution,,0.526,257
43,1:solution,1:solution,,0.615,348
44,1:solution,2:non_solution,+,0.596,148
45,1:solution,1:solution,,0.609,229
46,1:solution,1:solution,,0.716,294
47,1:solution,1:solution,,0.903,122
48,1:solution,1:solution,,0.852,201
49,1:solution,2:non_solution,+,0.726,244
50,1:solution,1:solution,,0.854,17
51,2:non_solution,2:non_solution,,0.502,924
52,2:non_solution,1:solution,+,0.743,801
53,2:non_solution,2:non_solution,,0.799,632
54,2:non_solution,2:non_solution,,0.98,758
55,2:non_solution,2:non_solution,,0.792,766
56,2:non_solution,1:solution,+,0.547,694
57,2:non_solution,1:solution,+,0.73,696
58,2:non_solution,2:non_solution,,0.891,836
59,2:non_solution,1:solution,+,0.58,750
60,2:non_solution,1:solution,+,0.635,899
61,2:non_solution,2:non_solution,,0.97,581
62,2:non_solution,2:non_solution,,0.996,948
63,2:non_solution,2:non_solution,,0.878,630
64,2:non_solution,2:non_solution,,0.546,744
65,2:non_solution,1:solution,+,0.584,753
66,2:non_solution,1:solution,+,0.819,601
67,2:non_solution,2:non_solution,,0.913,640
68,2:non_solution,2:non_solution,,0.99,837
69,2:non_solution,2:non_solution,,0.892,564
70,2:non_solution,2:non_solution,,0.88,845
71,2:non_solution,2:non_solution,,0.921,520
72,2:non_solution,2:non_solution,,0.833,946
73,2:non_solution,1:solution,+,0.667,663
74,2:non_solution,2:non_solution,,0.726,763
75,2:non_solution,2:non_solution,,0.936,847
76,2:non_solution,2:non_solution,,0.745,545
77,2:non_solution,2:non_solution,,0.894,969
78,2:non_solution,1:solution,+,0.588,897
79,2:non_solution,2:non_solution,,0.854,634
80,2:non_solution,2:non_solution,,0.778,794
81,2:non_solution,2:non_solution,,0.779,853
82,2:non_solution,1:solution,+,0.57,537
83,2:non_solution,2:non_solution,,0.949,856
84,2:non_solution,2:non_solution,,0.832,970
85,2:non_solution,2:non_solution,,0.734,772
86,2:non_solution,2:non_solution,,0.627,814
87,2:non_solution,2:non_solution,,0.987,697
88,2:non_solution,2:non_solution,,0.777,867
89,2:non_solution,2:non_solution,,0.674,773
90,2:non_solution,2:non_solution,,0.885,720
91,2:non_solution,1:solution,+,0.798,978
92,2:non_solution,2:non_solution,,0.873,584
93,2:non_solution,2:non_solution,,0.512,664
94,2:non_solution,2:non_solution,,0.509,912
95,2:non_solution,2:non_solution,,0.717,741
96,2:non_solution,1:solution,+,0.975,501
97,2:non_solution,2:non_solution,,0.788,810
98,2:non_solution,2:non_solution,,0.6,882
99,2:non_solution,2:non_solution,,0.889,780
100,2:non_solution,2:non_solution,,0.954,971
1,1:solution,1:solution,,0.524,66
2,1:solution,2:non_solution,+,0.536,80
3,1:solution,1:solution,,0.858,325
4,1:solution,2:non_solution,+,0.551,493
5,1:solution,1:solution,,0.556,215
6,1:solution,1:solution,,0.92,44
7,1:solution,1:solution,,0.862,109
8,1:solution,1:solution,,0.799,307
9,1:solution,1:solution,,0.921,237
10,1:solution,1:solution,,0.937,340
11,1:solution,1:solution,,0.806,92
12,1:solution,2:non_solution,+,0.589,382
13,1:solution,1:solution,,0.958,95
14,1:solution,1:solution,,0.817,365
15,1:solution,1:solution,,0.61,297
16,1:solution,1:solution,,0.785,168
17,1:solution,1:solution,,0.706,234
18,1:solution,1:solution,,0.56,269
19,1:solution,1:solution,,0.631,169
20,1:solution,1:solution,,0.781,110
21,1:solution,2:non_solution,+,0.859,492
22,1:solution,1:solution,,0.666,113
23,1:solution,2:non_solution,+,0.624,472
24,1:solution,1:solution,,0.896,67
25,1:solution,1:solution,,0.657,241
26,1:solution,1:solution,,0.944,82
27,1:solution,1:solution,,0.832,204
28,1:solution,1:solution,,0.705,293
29,1:solution,1:solution,,0.614,313
30,1:solution,1:solution,,0.717,322
31,1:solution,1:solution,,0.707,334
32,1:solution,1:solution,,0.912,71
33,1:solution,2:non_solution,+,0.785,462
34,1:solution,1:solution,,0.714,477
35,1:solution,1:solution,,0.934,186
36,1:solution,1:solution,,0.739,465
37,1:solution,2:non_solution,+,0.584,265
38,1:solution,2:non_solution,+,0.778,26
39,1:solution,2:non_solution,+,0.776,445
40,1:solution,1:solution,,0.875,85
41,1:solution,1:solution,,0.676,220
42,1:solution,1:solution,,0.702,160
43,1:solution,1:solution,,0.502,48
44,1:solution,2:non_solution,+,0.619,166
45,1:solution,1:solution,,0.818,131
46,1:solution,1:solution,,0.743,146
47,1:solution,1:solution,,0.853,394
48,1:solution,2:non_solution,+,0.505,84
49,1:solution,1:solution,,0.95,158
50,1:solution,1:solution,,0.608,339
51,2:non_solution,2:non_solution,,0.618,790
52,2:non_solution,1:solution,+,0.508,522
53,2:non_solution,2:non_solution,,0.958,687
54,2:non_solution,2:non_solution,,0.645,705
55,2:non_solution,1:solution,+,0.729,732
56,2:non_solution,2:non_solution,,0.57,621
57,2:non_solution,1:solution,+,0.586,811
58,2:non_solution,1:solution,+,0.72,593
59,2:non_solution,1:solution,+,0.572,511
60,2:non_solution,1:solution,+,0.539,769
61,2:non_solution,2:non_solution,,0.932,770
62,2:non_solution,2:non_solution,,0.858,729
63,2:non_solution,2:non_solution,,0.793,871
64,2:non_solution,2:non_solution,,0.777,566
65,2:non_solution,2:non_solution,,0.761,548
66,2:non_solution,1:solution,+,0.752,519
67,2:non_solution,2:non_solution,,0.643,859
68,2:non_solution,1:solution,+,0.606,926
69,2:non_solution,2:non_solution,,0.967,782
70,2:non_solution,2:non_solution,,0.973,958
71,2:non_solution,2:non_solution,,0.926,751
72,2:non_solution,2:non_solution,,0.802,931
73,2:non_solution,2:non_solution,,0.915,654
74,2:non_solution,2:non_solution,,0.706,633
75,2:non_solution,2:non_solution,,0.915,967
76,2:non_solution,1:solution,+,0.585,985
77,2:non_solution,1:solution,+,0.647,644
78,2:non_solution,2:non_solution,,0.514,979
79,2:non_solution,1:solution,+,0.702,703
80,2:non_solution,2:non_solution,,0.921,665
81,2:non_solution,2:non_solution,,0.798,860
82,2:non_solution,2:non_solution,,0.789,830
83,2:non_solution,1:solution,+,0.506,528
84,2:non_solution,1:solution,+,0.698,688
85,2:non_solution,2:non_solution,,0.956,636
86,2:non_solution,2:non_solution,,0.916,626
87,2:non_solution,2:non_solution,,0.943,757
88,2:non_solution,1:solution,+,0.731,761
89,2:non_solution,2:non_solution,,0.702,977
90,2:non_solution,1:solution,+,0.513,798
91,2:non_solution,2:non_solution,,0.656,972
92,2:non_solution,2:non_solution,,0.893,599
93,2:non_solution,2:non_solution,,0.861,963
94,2:non_solution,2:non_solution,,0.984,991
95,2:non_solution,2:non_solution,,0.901,888
96,2:non_solution,1:solution,+,0.687,709
97,2:non_solution,1:solution,+,0.538,619
98,2:non_solution,2:non_solution,,0.924,954
99,2:non_solution,2:non_solution,,0.972,657
100,2:non_solution,2:non_solution,,0.943,767
1,1:solution,1:solution,,0.757,19
2,1:solution,1:solution,,0.939,180
3,1:solution,1:solution,,0.801,88
4,1:solution,2:non_solution,+,0.708,452
5,1:solution,1:solution,,0.982,469
6,1:solution,1:solution,,0.702,145
7,1:solution,1:solution,,0.917,264
8,1:solution,1:solution,,0.98,228
9,1:solution,1:solution,,0.896,27
10,1:solution,1:solution,,0.695,74
11,1:solution,1:solution,,0.536,155
12,1:solution,1:solution,,0.996,25
13,1:solution,1:solution,,0.948,267
14,1:solution,1:solution,,0.849,443
15,1:solution,2:non_solution,+,0.705,342
16,1:solution,1:solution,,0.908,377
17,1:solution,2:non_solution,+,0.52,495
18,1:solution,1:solution,,0.958,58
19,1:solution,1:solution,,0.961,83
20,1:solution,2:non_solution,+,0.503,278
21,1:solution,1:solution,,0.925,277
22,1:solution,1:solution,,0.836,12
23,1:solution,1:solution,,0.994,232
24,1:solution,1:solution,,0.998,227
25,1:solution,1:solution,,0.956,104
26,1:solution,1:solution,,0.648,413
27,1:solution,1:solution,,0.858,162
28,1:solution,1:solution,,0.973,245
29,1:solution,1:solution,,0.963,274
30,1:solution,2:non_solution,+,0.788,390
31,1:solution,1:solution,,0.883,192
32,1:solution,1:solution,,0.783,161
33,1:solution,1:solution,,0.609,360
34,1:solution,1:solution,,0.945,46
35,1:solution,1:solution,,0.818,225
36,1:solution,1:solution,,0.972,159
37,1:solution,1:solution,,0.75,111
38,1:solution,1:solution,,0.971,205
39,1:solution,2:non_solution,+,0.941,440
40,1:solution,1:solution,,0.754,239
41,1:solution,1:solution,,0.656,9
42,1:solution,1:solution,,0.746,13
43,1:solution,1:solution,,0.503,171
44,1:solution,1:solution,,0.81,295
45,1:solution,1:solution,,0.962,127
46,1:solution,1:solution,,0.795,197
47,1:solution,1:solution,,0.776,137
48,1:solution,1:solution,,0.556,451
49,1:solution,1:solution,,0.967,271
50,1:solution,1:solution,,0.707,187
51,2:non_solution,1:solution,+,0.583,820
52,2:non_solution,1:solution,+,0.894,891
53,2:non_solution,2:non_solution,,0.992,651
54,2:non_solution,1:solution,+,0.958,943
55,2:non_solution,2:non_solution,,0.997,964
56,2:non_solution,2:non_solution,,0.712,662
57,2:non_solution,2:non_solution,,0.972,949
58,2:non_solution,1:solution,+,0.716,602
59,2:non_solution,2:non_solution,,0.508,724
60,2:non_solution,2:non_solution,,0.829,722
61,2:non_solution,2:non_solution,,0.946,555
62,2:non_solution,2:non_solution,,0.97,673
63,2:non_solution,2:non_solution,,0.857,863
64,2:non_solution,1:solution,+,0.744,942
65,2:non_solution,1:solution,+,0.941,771
66,2:non_solution,1:solution,+,0.811,535
67,2:non_solution,2:non_solution,,0.509,507
68,2:non_solution,2:non_solution,,0.957,742
69,2:non_solution,1:solution,+,0.91,631
70,2:non_solution,2:non_solution,,0.955,612
71,2:non_solution,2:non_solution,,0.555,713
72,2:non_solution,2:non_solution,,0.995,791
73,2:non_solution,2:non_solution,,0.657,904
74,2:non_solution,1:solution,+,0.707,878
75,2:non_solution,2:non_solution,,0.834,957
76,2:non_solution,1:solution,+,0.803,816
77,2:non_solution,2:non_solution,,0.854,802
78,2:non_solution,2:non_solution,,0.901,781
79,2:non_solution,2:non_solution,,0.682,700
80,2:non_solution,1:solution,+,0.637,759
81,2:non_solution,2:non_solution,,0.881,872
82,2:non_solution,2:non_solution,,0.989,541
83,2:non_solution,2:non_solution,,0.975,531
84,2:non_solution,1:solution,+,0.566,826
85,2:non_solution,2:non_solution,,0.964,944
86,2:non_solution,2:non_solution,,0.986,565
87,2:non_solution,2:non_solution,,0.935,517
88,2:non_solution,1:solution,+,0.703,918
89,2:non_solution,2:non_solution,,0.754,852
90,2:non_solution,2:non_solution,,0.926,667
91,2:non_solution,1:solution,+,0.911,834
92,2:non_solution,2:non_solution,,0.995,680
93,2:non_solution,2:non_solution,,0.768,505
94,2:non_solution,2:non_solution,,0.946,896
95,2:non_solution,2:non_solution,,0.686,895
96,2:non_solution,2:non_solution,,0.957,641
97,2:non_solution,2:non_solution,,0.918,825
98,2:non_solution,1:solution,+,0.589,783
99,2:non_solution,2:non_solution,,0.636,793
100,2:non_solution,2:non_solution,,0.83,518
1,1:solution,1:solution,,0.578,268
2,1:solution,2:non_solution,+,0.757,417
3,1:solution,1:solution,,0.68,14
4,1:solution,1:solution,,0.985,179
5,1:solution,1:solution,,0.682,62
6,1:solution,1:solution,,0.546,222
7,1:solution,1:solution,,0.863,302
8,1:solution,1:solution,,0.998,270
9,1:solution,2:non_solution,+,0.534,243
10,1:solution,1:solution,,0.816,250
11,1:solution,1:solution,,0.727,93
12,1:solution,2:non_solution,+,0.738,40
13,1:solution,1:solution,,0.902,299
14,1:solution,1:solution,,0.732,49
15,1:solution,1:solution,,0.799,224
16,1:solution,2:non_solution,+,0.984,70
17,1:solution,1:solution,,0.952,248
18,1:solution,1:solution,,0.785,184
19,1:solution,1:solution,,0.884,411
20,1:solution,1:solution,,0.935,106
21,1:solution,1:solution,,0.644,288
22,1:solution,2:non_solution,+,0.86,136
23,1:solution,1:solution,,0.978,2
24,1:solution,1:solution,,0.554,165
25,1:solution,1:solution,,0.93,282
26,1:solution,1:solution,,0.903,86
27,1:solution,2:non_solution,+,0.778,491
28,1:solution,1:solution,,0.964,384
29,1:solution,1:solution,,0.929,221
30,1:solution,1:solution,,0.977,287
31,1:solution,2:non_solution,+,0.598,35
32,1:solution,1:solution,,0.746,305
33,1:solution,1:solution,,0.512,422
34,1:solution,2:non_solution,+,0.862,253
35,1:solution,1:solution,,0.803,317
36,1:solution,2:non_solution,+,0.638,134
37,1:solution,1:solution,,0.695,53
38,1:solution,1:solution,,0.763,426
39,1:solution,1:solution,,0.751,242
40,1:solution,1:solution,,0.884,303
41,1:solution,1:solution,,0.88,401
42,1:solution,2:non_solution,+,0.564,258
43,1:solution,2:non_solution,+,0.991,421
44,1:solution,2:non_solution,+,0.676,107
45,1:solution,1:solution,,0.86,129
46,1:solution,1:solution,,0.904,355
47,1:solution,2:non_solution,+,0.992,32
48,1:solution,1:solution,,0.571,41
49,1:solution,1:solution,,0.794,361
50,1:solution,1:solution,,0.73,153
51,2:non_solution,2:non_solution,,0.992,645
52,2:non_solution,1:solution,+,0.613,622
53,2:non_solution,2:non_solution,,0.993,683
54,2:non_solution,2:non_solution,,0.977,592
55,2:non_solution,2:non_solution,,0.954,506
56,2:non_solution,2:non_solution,,0.965,976
57,2:non_solution,2:non_solution,,0.99,610
58,2:non_solution,2:non_solution,,0.999,884
59,2:non_solution,1:solution,+,0.578,579
60,2:non_solution,2:non_solution,,0.94,762
61,2:non_solution,2:non_solution,,0.87,997
62,2:non_solution,2:non_solution,,0.964,554
63,2:non_solution,1:solution,+,0.7,623
64,2:non_solution,2:non_solution,,0.937,553
65,2:non_solution,2:non_solution,,0.983,906
66,2:non_solution,2:non_solution,,0.97,983
67,2:non_solution,2:non_solution,,0.89,540
68,2:non_solution,1:solution,+,0.688,716
69,2:non_solution,1:solution,+,0.902,833
70,2:non_solution,1:solution,+,0.829,670
71,2:non_solution,1:solution,+,0.882,937
72,2:non_solution,2:non_solution,,0.749,648
73,2:non_solution,2:non_solution,,0.991,536
74,2:non_solution,1:solution,+,0.618,606
75,2:non_solution,2:non_solution,,0.965,669
76,2:non_solution,2:non_solution,,0.99,532
77,2:non_solution,2:non_solution,,0.555,635
78,2:non_solution,2:non_solution,,0.838,849
79,2:non_solution,1:solution,+,0.953,933
80,2:non_solution,2:non_solution,,0.715,923
81,2:non_solution,1:solution,+,0.71,727
82,2:non_solution,2:non_solution,,0.781,681
83,2:non_solution,1:solution,+,0.6,844
84,2:non_solution,2:non_solution,,0.985,886
85,2:non_solution,1:solution,+,0.992,674
86,2:non_solution,2:non_solution,,0.96,992
87,2:non_solution,1:solution,+,0.817,682
88,2:non_solution,2:non_solution,,0.987,840
89,2:non_solution,2:non_solution,,0.967,514
90,2:non_solution,2:non_solution,,0.96,629
91,2:non_solution,2:non_solution,,0.996,656
92,2:non_solution,2:non_solution,,0.927,765
93,2:non_solution,2:non_solution,,0.945,838
94,2:non_solution,2:non_solution,,0.883,822
95,2:non_solution,1:solution,+,0.882,596
96,2:non_solution,2:non_solution,,0.73,903
97,2:non_solution,1:solution,+,0.652,736
98,2:non_solution,2:non_solution,,0.642,585
99,2:non_solution,2:non_solution,,0.896,935
100,2:non_solution,2:non_solution,,0.723,930
1,1:solution,1:solution,,0.851,45
2,1:solution,1:solution,,0.875,273
3,1:solution,1:solution,,0.74,456
4,1:solution,1:solution,,0.943,89
5,1:solution,2:non_solution,+,0.808,128
6,1:solution,1:solution,,0.656,87
7,1:solution,1:solution,,0.914,316
8,1:solution,1:solution,,0.876,436
9,1:solution,1:solution,,0.908,478
10,1:solution,1:solution,,0.924,52
11,1:solution,1:solution,,0.815,353
12,1:solution,1:solution,,0.925,43
13,1:solution,2:non_solution,+,0.937,350
14,1:solution,1:solution,,0.847,42
15,1:solution,1:solution,,0.899,56
16,1:solution,1:solution,,0.961,444
17,1:solution,2:non_solution,+,0.637,251
18,1:solution,1:solution,,0.829,474
19,1:solution,1:solution,,0.63,219
20,1:solution,2:non_solution,+,0.76,138
21,1:solution,1:solution,,0.865,315
22,1:solution,1:solution,,0.881,23
23,1:solution,1:solution,,0.931,435
24,1:solution,1:solution,,0.544,370
25,1:solution,2:non_solution,+,0.797,310
26,1:solution,1:solution,,0.857,281
27,1:solution,2:non_solution,+,0.676,335
28,1:solution,2:non_solution,+,0.608,30
29,1:solution,1:solution,,0.533,154
30,1:solution,1:solution,,0.933,329
31,1:solution,1:solution,,0.549,467
32,1:solution,1:solution,,0.77,261
33,1:solution,2:non_solution,+,0.73,247
34,1:solution,1:solution,,0.776,292
35,1:solution,1:solution,,0.827,375
36,1:solution,1:solution,,0.755,446
37,1:solution,1:solution,,0.642,18
38,1:solution,2:non_solution,+,0.771,31
39,1:solution,1:solution,,0.627,249
40,1:solution,1:solution,,0.739,207
41,1:solution,2:non_solution,+,0.84,54
42,1:solution,1:solution,,0.963,7
43,1:solution,1:solution,,0.794,391
44,1:solution,2:non_solution,+,0.806,497
45,1:solution,2:non_solution,+,0.872,374
46,1:solution,2:non_solution,+,0.672,470
47,1:solution,2:non_solution,+,0.554,72
48,1:solution,2:non_solution,+,0.599,79
49,1:solution,1:solution,,0.988,275
50,1:solution,1:solution,,0.918,430
51,2:non_solution,1:solution,+,0.689,754
52,2:non_solution,1:solution,+,0.708,556
53,2:non_solution,2:non_solution,,0.992,608
54,2:non_solution,2:non_solution,,0.676,676
55,2:non_solution,1:solution,+,0.825,965
56,2:non_solution,2:non_solution,,0.877,615
57,2:non_solution,2:non_solution,,0.739,950
58,2:non_solution,1:solution,+,0.676,925
59,2:non_solution,2:non_solution,,0.701,835
60,2:non_solution,1:solution,+,0.673,530
61,2:non_solution,2:non_solution,,0.934,649
62,2:non_solution,1:solution,+,0.792,658
63,2:non_solution,1:solution,+,0.804,901
64,2:non_solution,2:non_solution,,0.971,831
65,2:non_solution,2:non_solution,,0.96,990
66,2:non_solution,1:solution,+,0.849,559
67,2:non_solution,2:non_solution,,0.972,988
68,2:non_solution,1:solution,+,0.966,595
69,2:non_solution,2:non_solution,,0.937,927
70,2:non_solution,1:solution,+,0.638,760
71,2:non_solution,2:non_solution,,0.966,799
72,2:non_solution,1:solution,+,0.816,864
73,2:non_solution,2:non_solution,,0.679,756
74,2:non_solution,2:non_solution,,0.954,708
75,2:non_solution,2:non_solution,,0.692,850
76,2:non_solution,2:non_solution,,0.73,929
77,2:non_solution,2:non_solution,,0.919,711
78,2:non_solution,2:non_solution,,0.772,684
79,2:non_solution,2:non_solution,,0.906,666
80,2:non_solution,2:non_solution,,0.928,515
81,2:non_solution,1:solution,+,0.826,823
82,2:non_solution,2:non_solution,,0.977,570
83,2:non_solution,2:non_solution,,0.866,939
84,2:non_solution,2:non_solution,,0.923,804
85,2:non_solution,2:non_solution,,0.872,571
86,2:non_solution,2:non_solution,,0.596,910
87,2:non_solution,2:non_solution,,0.593,586
88,2:non_solution,1:solution,+,0.551,786
89,2:non_solution,1:solution,+,0.629,502
90,2:non_solution,2:non_solution,,0.943,607
91,2:non_solution,2:non_solution,,0.887,600
92,2:non_solution,2:non_solution,,0.977,862
93,2:non_solution,2:non_solution,,0.924,881
94,2:non_solution,1:solution,+,0.83,721
95,2:non_solution,2:non_solution,,0.715,639
96,2:non_solution,2:non_solution,,0.885,865
97,2:non_solution,2:non_solution,,0.522,936
98,2:non_solution,1:solution,+,0.867,915
99,2:non_solution,2:non_solution,,1,605
100,2:non_solution,2:non_solution,,0.649,675
1,1:solution,1:solution,,0.923,479
2,1:solution,2:non_solution,+,0.782,405
3,1:solution,2:non_solution,+,0.946,351
4,1:solution,1:solution,,0.994,408
5,1:solution,1:solution,,0.807,483
6,1:solution,1:solution,,0.961,434
7,1:solution,1:solution,,0.736,91
8,1:solution,2:non_solution,+,0.503,130
9,1:solution,2:non_solution,+,0.573,81
10,1:solution,1:solution,,0.758,256
11,1:solution,1:solution,,0.971,485
12,1:solution,1:solution,,0.821,117
13,1:solution,2:non_solution,+,0.928,119
14,1:solution,1:solution,,0.562,488
15,1:solution,1:solution,,0.911,55
16,1:solution,2:non_solution,+,0.749,126
17,1:solution,1:solution,,0.667,189
18,1:solution,1:solution,,0.819,423
19,1:solution,1:solution,,0.835,345
20,1:solution,1:solution,,0.894,200
21,1:solution,1:solution,,0.602,173
22,1:solution,1:solution,,0.944,301
23,1:solution,1:solution,,0.736,218
24,1:solution,1:solution,,0.986,276
25,1:solution,1:solution,,0.953,21
26,1:solution,1:solution,,0.82,212
27,1:solution,1:solution,,0.776,484
28,1:solution,1:solution,,0.721,217
29,1:solution,1:solution,,0.659,416
30,1:solution,1:solution,,0.541,439
31,1:solution,1:solution,,0.623,36
32,1:solution,1:solution,,0.996,59
33,1:solution,1:solution,,0.989,320
34,1:solution,1:solution,,0.956,304
35,1:solution,1:solution,,0.858,76
36,1:solution,1:solution,,0.928,96
37,1:solution,1:solution,,0.656,425
38,1:solution,1:solution,,0.812,409
39,1:solution,1:solution,,0.74,326
40,1:solution,1:solution,,0.971,336
41,1:solution,1:solution,,0.624,101
42,1:solution,1:solution,,0.981,193
43,1:solution,1:solution,,0.931,263
44,1:solution,1:solution,,0.577,332
45,1:solution,1:solution,,0.894,163
46,1:solution,1:solution,,0.565,11
47,1:solution,1:solution,,0.982,90
48,1:solution,1:solution,,0.952,499
49,1:solution,1:solution,,0.692,346
50,1:solution,1:solution,,0.959,260
51,2:non_solution,1:solution,+,0.801,812
52,2:non_solution,1:solution,+,0.875,961
53,2:non_solution,2:non_solution,,0.946,848
54,2:non_solution,1:solution,+,0.971,590
55,2:non_solution,1:solution,+,0.814,692
56,2:non_solution,2:non_solution,,0.894,652
57,2:non_solution,2:non_solution,,0.936,594
58,2:non_solution,2:non_solution,,0.648,734
59,2:non_solution,1:solution,+,0.885,598
60,2:non_solution,2:non_solution,,0.943,785
61,2:non_solution,1:solution,+,0.655,712
62,2:non_solution,2:non_solution,,0.829,858
63,2:non_solution,2:non_solution,,0.885,960
64,2:non_solution,1:solution,+,0.512,914
65,2:non_solution,2:non_solution,,0.999,611
66,2:non_solution,2:non_solution,,0.961,908
67,2:non_solution,1:solution,+,0.938,561
68,2:non_solution,1:solution,+,0.927,743
69,2:non_solution,2:non_solution,,0.992,588
70,2:non_solution,2:non_solution,,0.941,875
71,2:non_solution,2:non_solution,,0.852,735
72,2:non_solution,2:non_solution,,0.836,821
73,2:non_solution,2:non_solution,,0.867,1000
74,2:non_solution,1:solution,+,0.754,562
75,2:non_solution,2:non_solution,,0.979,851
76,2:non_solution,2:non_solution,,0.989,817
77,2:non_solution,1:solution,+,0.707,909
78,2:non_solution,2:non_solution,,0.979,803
79,2:non_solution,2:non_solution,,0.909,755
80,2:non_solution,1:solution,+,0.91,710
81,2:non_solution,1:solution,+,0.961,777
82,2:non_solution,2:non_solution,,0.947,815
83,2:non_solution,2:non_solution,,0.586,870
84,2:non_solution,2:non_solution,,0.755,701
85,2:non_solution,2:non_solution,,0.941,575
86,2:non_solution,2:non_solution,,0.835,677
87,2:non_solution,2:non_solution,,0.975,508
88,2:non_solution,2:non_solution,,0.655,693
89,2:non_solution,2:non_solution,,0.866,921
90,2:non_solution,2:non_solution,,0.698,842
91,2:non_solution,2:non_solution,,0.634,857
92,2:non_solution,1:solution,+,0.764,679
93,2:non_solution,2:non_solution,,0.868,779
94,2:non_solution,2:non_solution,,0.757,524
95,2:non_solution,2:non_solution,,0.864,618
96,2:non_solution,2:non_solution,,0.929,922
97,2:non_solution,2:non_solution,,0.789,829
98,2:non_solution,2:non_solution,,0.994,731
99,2:non_solution,2:non_solution,,0.989,916
100,2:non_solution,2:non_solution,,0.772,563
1,1:solution,1:solution,,0.947,57
2,1:solution,1:solution,,0.897,427
3,1:solution,1:solution,,0.607,369
4,1:solution,1:solution,,0.958,458
5,1:solution,1:solution,,0.539,306
6,1:solution,1:solution,,0.808,366
7,1:solution,1:solution,,0.88,120
8,1:solution,2:non_solution,+,0.995,496
9,1:solution,1:solution,,0.723,15
10,1:solution,1:solution,,0.524,77
11,1:solution,1:solution,,0.982,75
12,1:solution,1:solution,,0.984,50
13,1:solution,2:non_solution,+,0.509,34
14,1:solution,1:solution,,0.879,280
15,1:solution,1:solution,,0.515,289
16,1:solution,1:solution,,0.629,235
17,1:solution,2:non_solution,+,0.756,211
18,1:solution,1:solution,,0.757,114
19,1:solution,1:solution,,0.956,397
20,1:solution,2:non_solution,+,0.65,255
21,1:solution,1:solution,,0.963,415
22,1:solution,2:non_solution,+,0.508,319
23,1:solution,2:non_solution,+,0.742,308
24,1:solution,2:non_solution,+,0.954,98
25,1:solution,1:solution,,0.836,151
26,1:solution,1:solution,,0.736,246
27,1:solution,1:solution,,0.961,167
28,1:solution,1:solution,,0.949,356
29,1:solution,2:non_solution,+,0.923,178
30,1:solution,1:solution,,0.961,385
31,1:solution,1:solution,,0.506,487
32,1:solution,1:solution,,0.992,170
33,1:solution,1:solution,,0.996,371
34,1:solution,1:solution,,0.891,352
35,1:solution,2:non_solution,+,0.98,395
36,1:solution,1:solution,,0.985,285
37,1:solution,1:solution,,0.804,428
38,1:solution,1:solution,,0.857,461
39,1:solution,2:non_solution,+,0.959,141
40,1:solution,1:solution,,0.768,406
41,1:solution,1:solution,,0.926,392
42,1:solution,1:solution,,0.911,311
43,1:solution,1:solution,,0.976,464
44,1:solution,1:solution,,0.949,152
45,1:solution,2:non_solution,+,0.701,437
46,1:solution,1:solution,,0.75,475
47,1:solution,1:solution,,0.985,389
48,1:solution,1:solution,,0.939,393
49,1:solution,2:non_solution,+,0.925,372
50,1:solution,1:solution,,0.652,216
51,2:non_solution,2:non_solution,,0.795,642
52,2:non_solution,2:non_solution,,0.886,661
53,2:non_solution,2:non_solution,,0.657,832
54,2:non_solution,1:solution,+,0.97,998
55,2:non_solution,2:non_solution,,0.875,854
56,2:non_solution,1:solution,+,0.913,589
57,2:non_solution,2:non_solution,,0.503,718
58,2:non_solution,2:non_solution,,0.761,984
59,2:non_solution,2:non_solution,,0.805,893
60,2:non_solution,1:solution,+,0.906,647
61,2:non_solution,1:solution,+,0.918,841
62,2:non_solution,2:non_solution,,0.979,917
63,2:non_solution,2:non_solution,,0.563,637
64,2:non_solution,2:non_solution,,0.917,974
65,2:non_solution,2:non_solution,,0.916,604
66,2:non_solution,2:non_solution,,0.939,940
67,2:non_solution,1:solution,+,0.829,913
68,2:non_solution,1:solution,+,0.58,527
69,2:non_solution,1:solution,+,0.779,577
70,2:non_solution,2:non_solution,,0.744,620
71,2:non_solution,1:solution,+,0.79,981
72,2:non_solution,1:solution,+,0.921,643
73,2:non_solution,2:non_solution,,0.951,920
74,2:non_solution,1:solution,+,0.696,995
75,2:non_solution,1:solution,+,0.527,558
76,2:non_solution,2:non_solution,,0.983,889
77,2:non_solution,1:solution,+,0.774,690
78,2:non_solution,1:solution,+,0.66,686
79,2:non_solution,2:non_solution,,0.692,952
80,2:non_solution,1:solution,+,0.837,813
81,2:non_solution,2:non_solution,,0.735,543
82,2:non_solution,2:non_solution,,0.769,668
83,2:non_solution,2:non_solution,,0.982,792
84,2:non_solution,2:non_solution,,0.999,768
85,2:non_solution,2:non_solution,,0.91,905
86,2:non_solution,1:solution,+,0.949,987
87,2:non_solution,2:non_solution,,0.781,591
88,2:non_solution,2:non_solution,,0.998,567
89,2:non_solution,1:solution,+,0.675,624
90,2:non_solution,2:non_solution,,0.835,627
91,2:non_solution,1:solution,+,0.749,659
92,2:non_solution,2:non_solution,,0.925,846
93,2:non_solution,1:solution,+,0.852,789
94,2:non_solution,2:non_solution,,0.925,613
95,2:non_solution,2:non_solution,,0.935,573
96,2:non_solution,2:non_solution,,0.993,855
97,2:non_solution,1:solution,+,0.527,704
98,2:non_solution,2:non_solution,,0.861,797
99,2:non_solution,1:solution,+,0.957,521
100,2:non_solution,2:non_solution,,0.948,660
1,1:solution,2:non_solution,+,0.817,266
2,1:solution,1:solution,,0.788,259
3,1:solution,1:solution,,0.962,380
4,1:solution,1:solution,,0.889,381
5,1:solution,1:solution,,0.749,198
6,1:solution,2:non_solution,+,0.824,231
7,1:solution,1:solution,,0.534,6
8,1:solution,1:solution,,0.95,468
9,1:solution,1:solution,,0.652,183
10,1:solution,1:solution,,0.603,481
11,1:solution,1:solution,,0.961,338
12,1:solution,1:solution,,0.652,354
13,1:solution,1:solution,,0.733,358
14,1:solution,1:solution,,0.504,429
15,1:solution,1:solution,,0.924,177
16,1:solution,2:non_solution,+,0.669,386
17,1:solution,1:solution,,0.785,498
18,1:solution,1:solution,,0.963,454
19,1:solution,1:solution,,0.683,254
20,1:solution,1:solution,,0.821,147
21,1:solution,1:solution,,0.843,399
22,1:solution,1:solution,,0.674,68
23,1:solution,1:solution,,0.905,29
24,1:solution,2:non_solution,+,0.556,4
25,1:solution,1:solution,,0.612,291
26,1:solution,2:non_solution,+,0.509,3
27,1:solution,2:non_solution,+,0.818,28
28,1:solution,1:solution,,0.808,38
29,1:solution,1:solution,,0.766,191
30,1:solution,1:solution,,0.531,410
31,1:solution,2:non_solution,+,0.533,489
32,1:solution,1:solution,,0.658,404
33,1:solution,1:solution,,0.652,226
34,1:solution,2:non_solution,+,0.799,100
35,1:solution,1:solution,,0.928,432
36,1:solution,1:solution,,0.576,438
37,1:solution,1:solution,,0.544,24
38,1:solution,1:solution,,0.8,164
39,1:solution,1:solution,,0.7,321
40,1:solution,1:solution,,0.577,47
41,1:solution,1:solution,,0.75,63
42,1:solution,1:solution,,0.897,51
43,1:solution,2:non_solution,+,0.511,210
44,1:solution,2:non_solution,+,0.661,65
45,1:solution,1:solution,,0.789,459
46,1:solution,1:solution,,0.634,135
47,1:solution,1:solution,,0.992,125
48,1:solution,1:solution,,0.633,150
49,1:solution,1:solution,,0.711,473
50,1:solution,1:solution,,0.838,337
51,2:non_solution,1:solution,+,0.7,646
52,2:non_solution,2:non_solution,,0.735,614
53,2:non_solution,2:non_solution,,0.987,805
54,2:non_solution,1:solution,+,0.731,695
55,2:non_solution,1:solution,+,0.887,839
56,2:non_solution,2:non_solution,,0.7,544
57,2:non_solution,1:solution,+,0.768,557
58,2:non_solution,1:solution,+,0.853,806
59,2:non_solution,1:solution,+,0.566,738
60,2:non_solution,2:non_solution,,0.869,516
61,2:non_solution,1:solution,+,0.639,740
62,2:non_solution,2:non_solution,,0.577,628
63,2:non_solution,2:non_solution,,0.678,538
64,2:non_solution,1:solution,+,0.578,546
65,2:non_solution,1:solution,+,0.674,523
66,2:non_solution,1:solution,+,0.867,728
67,2:non_solution,2:non_solution,,0.989,774
68,2:non_solution,2:non_solution,,0.995,526
69,2:non_solution,2:non_solution,,0.921,892
70,2:non_solution,1:solution,+,0.677,560
71,2:non_solution,2:non_solution,,0.67,650
72,2:non_solution,2:non_solution,,0.867,994
73,2:non_solution,2:non_solution,,0.978,539
74,2:non_solution,2:non_solution,,0.963,671
75,2:non_solution,1:solution,+,0.706,746
76,2:non_solution,2:non_solution,,0.978,900
77,2:non_solution,2:non_solution,,0.977,911
78,2:non_solution,2:non_solution,,0.821,959
79,2:non_solution,2:non_solution,,0.806,748
80,2:non_solution,1:solution,+,0.608,874
81,2:non_solution,2:non_solution,,0.975,739
82,2:non_solution,2:non_solution,,0.905,534
83,2:non_solution,2:non_solution,,0.914,879
84,2:non_solution,2:non_solution,,0.539,880
85,2:non_solution,2:non_solution,,0.908,509
86,2:non_solution,2:non_solution,,0.734,689
87,2:non_solution,2:non_solution,,0.94,737
88,2:non_solution,2:non_solution,,0.935,549
89,2:non_solution,2:non_solution,,0.812,934
90,2:non_solution,2:non_solution,,0.929,699
91,2:non_solution,2:non_solution,,0.923,956
92,2:non_solution,2:non_solution,,0.985,655
93,2:non_solution,2:non_solution,,0.947,678
94,2:non_solution,1:solution,+,0.841,542
95,2:non_solution,2:non_solution,,0.99,796
96,2:non_solution,1:solution,+,0.696,672
97,2:non_solution,1:solution,+,0.888,975
98,2:non_solution,2:non_solution,,0.708,574
99,2:non_solution,2:non_solution,,0.894,580
100,2:non_solution,2:non_solution,,0.875,569
1,1:solution,1:solution,,0.91,347
2,1:solution,1:solution,,0.934,252
3,1:solution,1:solution,,0.843,349
4,1:solution,1:solution,,0.881,328
5,1:solution,1:solution,,0.651,213
6,1:solution,2:non_solution,+,0.624,420
7,1:solution,1:solution,,0.794,362
8,1:solution,1:solution,,0.885,60
9,1:solution,1:solution,,0.873,133
10,1:solution,1:solution,,0.852,455
11,1:solution,1:solution,,0.638,344
12,1:solution,2:non_solution,+,0.548,272
13,1:solution,1:solution,,0.684,37
14,1:solution,1:solution,,0.713,108
15,1:solution,2:non_solution,+,0.766,471
16,1:solution,1:solution,,0.947,403
17,1:solution,1:solution,,0.783,115
18,1:solution,2:non_solution,+,0.845,442
19,1:solution,1:solution,,0.501,378
20,1:solution,1:solution,,0.575,99
21,1:solution,1:solution,,0.693,441
22,1:solution,2:non_solution,+,0.88,407
23,1:solution,1:solution,,0.691,174
24,1:solution,1:solution,,0.97,460
25,1:solution,1:solution,,0.943,176
26,1:solution,1:solution,,0.968,324
27,1:solution,1:solution,,0.893,124
28,1:solution,2:non_solution,+,0.899,500
29,1:solution,1:solution,,0.601,116
30,1:solution,1:solution,,0.545,331
31,1:solution,2:non_solution,+,0.733,286
32,1:solution,1:solution,,0.868,333
33,1:solution,1:solution,,0.739,118
34,1:solution,1:solution,,0.872,367
35,1:solution,1:solution,,0.974,236
36,1:solution,1:solution,,0.965,16
37,1:solution,1:solution,,0.848,39
38,1:solution,1:solution,,0.966,418
39,1:solution,1:solution,,0.854,142
40,1:solution,2:non_solution,+,0.533,69
41,1:solution,1:solution,,0.624,188
42,1:solution,1:solution,,0.742,240
43,1:solution,1:solution,,0.805,279
44,1:solution,1:solution,,0.969,214
45,1:solution,1:solution,,0.625,97
46,1:solution,2:non_solution,+,0.699,284
47,1:solution,1:solution,,0.636,431
48,1:solution,1:solution,,0.89,486
49,1:solution,2:non_solution,+,0.941,482
50,1:solution,1:solution,,0.864,123
51,2:non_solution,2:non_solution,,0.998,898
52,2:non_solution,2:non_solution,,0.869,730
53,2:non_solution,1:solution,+,0.689,504
54,2:non_solution,2:non_solution,,0.982,587
55,2:non_solution,2:non_solution,,0.6,717
56,2:non_solution,2:non_solution,,0.997,941
57,2:non_solution,2:non_solution,,0.87,503
58,2:non_solution,2:non_solution,,0.531,550
59,2:non_solution,2:non_solution,,0.998,510
60,2:non_solution,2:non_solution,,0.88,723
61,2:non_solution,2:non_solution,,0.812,807
62,2:non_solution,2:non_solution,,0.916,568
63,2:non_solution,2:non_solution,,0.929,818
64,2:non_solution,2:non_solution,,0.879,512
65,2:non_solution,2:non_solution,,0.94,907
66,2:non_solution,2:non_solution,,0.919,809
67,2:non_solution,1:solution,+,0.836,513
68,2:non_solution,2:non_solution,,0.997,824
69,2:non_solution,2:non_solution,,0.938,993
70,2:non_solution,2:non_solution,,0.52,749
71,2:non_solution,2:non_solution,,0.651,582
72,2:non_solution,2:non_solution,,0.805,982
73,2:non_solution,2:non_solution,,0.87,714
74,2:non_solution,2:non_solution,,0.888,866
75,2:non_solution,2:non_solution,,0.978,576
76,2:non_solution,2:non_solution,,0.964,702
77,2:non_solution,2:non_solution,,0.799,533
78,2:non_solution,1:solution,+,0.757,902
79,2:non_solution,1:solution,+,0.67,715
80,2:non_solution,2:non_solution,,0.971,597
81,2:non_solution,2:non_solution,,0.979,919
82,2:non_solution,2:non_solution,,0.926,775
83,2:non_solution,2:non_solution,,0.978,778
84,2:non_solution,1:solution,+,0.677,883
85,2:non_solution,2:non_solution,,0.86,938
86,2:non_solution,1:solution,+,0.754,719
87,2:non_solution,2:non_solution,,0.996,745
88,2:non_solution,2:non_solution,,0.822,529
89,2:non_solution,2:non_solution,,0.859,698
90,2:non_solution,2:non_solution,,0.617,885
91,2:non_solution,2:non_solution,,0.647,868
92,2:non_solution,2:non_solution,,0.805,609
93,2:non_solution,1:solution,+,0.511,800
94,2:non_solution,2:non_solution,,0.975,747
95,2:non_solution,2:non_solution,,0.843,951
96,2:non_solution,2:non_solution,,0.678,999
97,2:non_solution,2:non_solution,,0.866,876
98,2:non_solution,2:non_solution,,0.812,947
99,2:non_solution,1:solution,+,0.701,928
100,2:non_solution,2:non_solution,,0.945,986