inst#,actual,predicted,error,prediction,ID
1,1:problem,1:problem,,1,447
2,1:problem,2:non_problem,+,1,402
3,1:problem,1:problem,,1,94
4,1:problem,1:problem,,1,463
5,1:problem,1:problem,,1,175
6,1:problem,1:problem,,1,194
7,1:problem,1:problem,,1,196
8,1:problem,1:problem,,1,398
9,1:problem,1:problem,,1,33
10,1:problem,1:problem,,1,156
11,1:problem,1:problem,,1,209
12,1:problem,1:problem,,1,480
13,1:problem,1:problem,,1,476
14,1:problem,1:problem,,1,412
15,1:problem,2:non_problem,+,1,494
16,1:problem,1:problem,,1,144
17,1:problem,2:non_problem,+,1,376
18,1:problem,1:problem,,1,10
19,1:problem,1:problem,,1,78
20,1:problem,1:problem,,1,181
21,1:problem,1:problem,,1,182
22,1:problem,1:problem,,1,190
23,1:problem,1:problem,,1,143
24,1:problem,1:problem,,1,140
25,1:problem,1:problem,,1,8
26,1:problem,1:problem,,1,323
27,1:problem,1:problem,,1,300
28,1:problem,1:problem,,1,102
29,1:problem,1:problem,,1,73
30,1:problem,2:non_problem,+,1,433
31,1:problem,1:problem,,1,262
32,1:problem,1:problem,,1,373
33,1:problem,1:problem,,1,312
34,1:problem,1:problem,,1,149
35,1:problem,1:problem,,1,206
36,1:problem,1:problem,,1,343
37,1:problem,1:problem,,1,185
38,1:problem,1:problem,,1,419
39,1:problem,1:problem,,1,132
40,1:problem,1:problem,,1,157
41,1:problem,1:problem,,1,105
42,1:problem,1:problem,,1,298
43,1:problem,2:non_problem,+,1,61
44,1:problem,1:problem,,1,466
45,1:problem,1:problem,,1,359
46,1:problem,1:problem,,1,1
47,1:problem,2:non_problem,+,1,230
48,1:problem,1:problem,,1,172
49,1:problem,2:non_problem,+,1,296
50,1:problem,1:problem,,1,5
51,2:non_problem,2:non_problem,,1,819
52,2:non_problem,1:problem,+,1,827
53,2:non_problem,2:non_problem,,1,843
54,2:non_problem,2:non_problem,,1,725
55,2:non_problem,2:non_problem,,1,625
56,2:non_problem,2:non_problem,,1,953
57,2:non_problem,1:problem,+,1,894
58,2:non_problem,2:non_problem,,1,808
59,2:non_problem,2:non_problem,,1,578
60,2:non_problem,2:non_problem,,1,572
61,2:non_problem,2:non_problem,,1,733
62,2:non_problem,2:non_problem,,1,764
63,2:non_problem,2:non_problem,,1,706
64,2:non_problem,1:problem,+,1,989
65,2:non_problem,2:non_problem,,1,525
66,2:non_problem,2:non_problem,,1,653
67,2:non_problem,2:non_problem,,1,707
68,2:non_problem,2:non_problem,,1,887
69,2:non_problem,1:problem,+,1,552
70,2:non_problem,2:non_problem,,1,980
71,2:non_problem,2:non_problem,,1,877
72,2:non_problem,2:non_problem,,1,890
73,2:non_problem,2:non_problem,,1,945
74,2:non_problem,2:non_problem,,1,966
75,2:non_problem,2:non_problem,,1,996
76,2:non_problem,2:non_problem,,1,955
77,2:non_problem,2:non_problem,,1,787
78,2:non_problem,2:non_problem,,1,795
79,2:non_problem,1:problem,+,1,685
80,2:non_problem,2:non_problem,,1,784
81,2:non_problem,1:problem,+,1,691
82,2:non_problem,1:problem,+,1,932
83,2:non_problem,2:non_problem,,1,962
84,2:non_problem,2:non_problem,,1,828
85,2:non_problem,2:non_problem,,1,638
86,2:non_problem,2:non_problem,,1,583
87,2:non_problem,1:problem,+,1,973
88,2:non_problem,2:non_problem,,1,726
89,2:non_problem,2:non_problem,,1,861
90,2:non_problem,2:non_problem,,1,551
91,2:non_problem,2:non_problem,,1,869
92,2:non_problem,2:non_problem,,1,968
93,2:non_problem,2:non_problem,,1,873
94,2:non_problem,2:non_problem,,1,547
95,2:non_problem,2:non_problem,,1,616
96,2:non_problem,2:non_problem,,1,603
97,2:non_problem,1:problem,+,1,788
98,2:non_problem,1:problem,+,1,776
99,2:non_problem,2:non_problem,,1,617
100,2:non_problem,2:non_problem,,1,752
1,1:problem,1:problem,,1,414
2,1:problem,2:non_problem,+,1,368
3,1:problem,1:problem,,1,314
4,1:problem,1:problem,,1,22
5,1:problem,1:problem,,1,121
6,1:problem,2:non_problem,+,1,363
7,1:problem,1:problem,,1,424
8,1:problem,1:problem,,1,195
9,1:problem,1:problem,,1,383
10,1:problem,2:non_problem,+,1,199
11,1:problem,1:problem,,1,202
12,1:problem,1:problem,,1,20
13,1:problem,1:problem,,1,341
14,1:problem,1:problem,,1,387
15,1:problem,1:problem,,1,139
16,1:problem,2:non_problem,+,1,379
17,1:problem,2:non_problem,+,1,290
18,1:problem,2:non_problem,+,1,203
19,1:problem,1:problem,,1,238
20,1:problem,1:problem,,1,388
21,1:problem,1:problem,,1,223
22,1:problem,1:problem,,1,457
23,1:problem,1:problem,,1,103
24,1:problem,1:problem,,1,327
25,1:problem,1:problem,,1,283
26,1:problem,1:problem,,1,364
27,1:problem,1:problem,,1,449
28,1:problem,1:problem,,1,233
29,1:problem,1:problem,,1,453
30,1:problem,1:problem,,1,396
31,1:problem,1:problem,,1,318
32,1:problem,1:problem,,1,400
33,1:problem,1:problem,,1,330
34,1:problem,2:non_problem,+,1,64
35,1:problem,2:non_problem,+,1,448
36,1:problem,1:problem,,1,357
37,1:problem,1:problem,,1,112
38,1:problem,1:problem,,1,208
39,1:problem,1:problem,,1,490
40,1:problem,2:non_problem,+,1,309
41,1:problem,1:problem,,1,450
42,1:problem,1:problem,,1,257
43,1:problem,1:problem,,1,348
44,1:problem,2:non_problem,+,1,148
45,1:problem,1:problem,,1,229
46,1:problem,1:problem,,1,294
47,1:problem,1:problem,,1,122
48,1:problem,1:problem,,1,201
49,1:problem,2:non_problem,+,1,244
50,1:problem,2:non_problem,+,1,17
51,2:non_problem,2:non_problem,,1,924
52,2:non_problem,2:non_problem,,1,801
53,2:non_problem,2:non_problem,,1,632
54,2:non_problem,2:non_problem,,1,758
55,2:non_problem,2:non_problem,,1,766
56,2:non_problem,2:non_problem,,1,694
57,2:non_problem,2:non_problem,,1,696
58,2:non_problem,2:non_problem,,1,836
59,2:non_problem,1:problem,+,1,750
60,2:non_problem,2:non_problem,,1,899
61,2:non_problem,1:problem,+,1,581
62,2:non_problem,2:non_problem,,1,948
63,2:non_problem,1:problem,+,1,630
64,2:non_problem,2:non_problem,,1,744
65,2:non_problem,2:non_problem,,1,753
66,2:non_problem,1:problem,+,1,601
67,2:non_problem,2:non_problem,,1,640
68,2:non_problem,2:non_problem,,1,837
69,2:non_problem,2:non_problem,,1,564
70,2:non_problem,2:non_problem,,1,845
71,2:non_problem,2:non_problem,,1,520
72,2:non_problem,2:non_problem,,1,946
73,2:non_problem,1:problem,+,1,663
74,2:non_problem,2:non_problem,,1,763
75,2:non_problem,2:non_problem,,1,847
76,2:non_problem,2:non_problem,,1,545
77,2:non_problem,2:non_problem,,1,969
78,2:non_problem,2:non_problem,,1,897
79,2:non_problem,2:non_problem,,1,634
80,2:non_problem,2:non_problem,,1,794
81,2:non_problem,2:non_problem,,1,853
82,2:non_problem,2:non_problem,,1,537
83,2:non_problem,2:non_problem,,1,856
84,2:non_problem,2:non_problem,,1,970
85,2:non_problem,1:problem,+,1,772
86,2:non_problem,1:problem,+,1,814
87,2:non_problem,2:non_problem,,1,697
88,2:non_problem,2:non_problem,,1,867
89,2:non_problem,2:non_problem,,1,773
90,2:non_problem,2:non_problem,,1,720
91,2:non_problem,2:non_problem,,1,978
92,2:non_problem,2:non_problem,,1,584
93,2:non_problem,2:non_problem,,1,664
94,2:non_problem,2:non_problem,,1,912
95,2:non_problem,1:problem,+,1,741
96,2:non_problem,2:non_problem,,1,501
97,2:non_problem,2:non_problem,,1,810
98,2:non_problem,1:problem,+,1,882
99,2:non_problem,2:non_problem,,1,780
100,2:non_problem,2:non_problem,,1,971
1,1:problem,1:problem,,1,66
2,1:problem,1:problem,,1,80
3,1:problem,2:non_problem,+,1,325
4,1:problem,2:non_problem,+,1,493
5,1:problem,1:problem,,1,215
6,1:problem,1:problem,,1,44
7,1:problem,1:problem,,1,109
8,1:problem,2:non_problem,+,1,307
9,1:problem,1:problem,,1,237
10,1:problem,2:non_problem,+,1,340
11,1:problem,1:problem,,1,92
12,1:problem,1:problem,,1,382
13,1:problem,1:problem,,1,95
14,1:problem,1:problem,,1,365
15,1:problem,1:problem,,1,297
16,1:problem,1:problem,,1,168
17,1:problem,2:non_problem,+,1,234
18,1:problem,1:problem,,1,269
19,1:problem,1:problem,,1,169
20,1:problem,1:problem,,1,110
21,1:problem,1:problem,,1,492
22,1:problem,2:non_problem,+,1,113
23,1:problem,1:problem,,1,472
24,1:problem,1:problem,,1,67
25,1:problem,1:problem,,1,241
26,1:problem,1:problem,,1,82
27,1:problem,1:problem,,1,204
28,1:problem,1:problem,,1,293
29,1:problem,2:non_problem,+,1,313
30,1:problem,1:problem,,1,322
31,1:problem,1:problem,,1,334
32,1:problem,1:problem,,1,71
33,1:problem,1:problem,,1,462
34,1:problem,1:problem,,1,477
35,1:problem,1:problem,,1,186
36,1:problem,1:problem,,1,465
37,1:problem,2:non_problem,+,1,265
38,1:problem,1:problem,,1,26
39,1:problem,2:non_problem,+,1,445
40,1:problem,2:non_problem,+,1,85
41,1:problem,1:problem,,1,220
42,1:problem,1:problem,,1,160
43,1:problem,1:problem,,1,48
44,1:problem,1:problem,,1,166
45,1:problem,2:non_problem,+,1,131
46,1:problem,1:problem,,1,146
47,1:problem,2:non_problem,+,1,394
48,1:problem,1:problem,,1,84
49,1:problem,1:problem,,1,158
50,1:problem,1:problem,,1,339
51,2:non_problem,2:non_problem,,1,790
52,2:non_problem,2:non_problem,,1,522
53,2:non_problem,2:non_problem,,1,687
54,2:non_problem,2:non_problem,,1,705
55,2:non_problem,1:problem,+,1,732
56,2:non_problem,2:non_problem,,1,621
57,2:non_problem,2:non_problem,,1,811
58,2:non_problem,2:non_problem,,1,593
59,2:non_problem,2:non_problem,,1,511
60,2:non_problem,2:non_problem,,1,769
61,2:non_problem,1:problem,+,1,770
62,2:non_problem,2:non_problem,,1,729
63,2:non_problem,2:non_problem,,1,871
64,2:non_problem,1:problem,+,1,566
65,2:non_problem,2:non_problem,,1,548
66,2:non_problem,2:non_problem,,1,519
67,2:non_problem,2:non_problem,,1,859
68,2:non_problem,1:problem,+,1,926
69,2:non_problem,2:non_problem,,1,782
70,2:non_problem,2:non_problem,,1,958
71,2:non_problem,2:non_problem,,1,751
72,2:non_problem,2:non_problem,,1,931
73,2:non_problem,2:non_problem,,1,654
74,2:non_problem,2:non_problem,,1,633
75,2:non_problem,2:non_problem,,1,967
76,2:non_problem,2:non_problem,,1,985
77,2:non_problem,2:non_problem,,1,644
78,2:non_problem,2:non_problem,,1,979
79,2:non_problem,2:non_problem,,1,703
80,2:non_problem,2:non_problem,,1,665
81,2:non_problem,2:non_problem,,1,860
82,2:non_problem,1:problem,+,1,830
83,2:non_problem,2:non_problem,,1,528
84,2:non_problem,2:non_problem,,1,688
85,2:non_problem,1:problem,+,1,636
86,2:non_problem,1:problem,+,1,626
87,2:non_problem,2:non_problem,,1,757
88,2:non_problem,1:problem,+,1,761
89,2:non_problem,2:non_problem,,1,977
90,2:non_problem,2:non_problem,,1,798
91,2:non_problem,2:non_problem,,1,972
92,2:non_problem,2:non_problem,,1,599
93,2:non_problem,2:non_problem,,1,963
94,2:non_problem,2:non_problem,,1,991
95,2:non_problem,2:non_problem,,1,888
96,2:non_problem,2:non_problem,,1,709
97,2:non_problem,2:non_problem,,1,619
98,2:non_problem,2:non_problem,,1,954
99,2:non_problem,2:non_problem,,1,657
100,2:non_problem,2:non_problem,,1,767
1,1:problem,1:problem,,1,19
2,1:problem,2:non_problem,+,1,180
3,1:problem,1:problem,,1,88
4,1:problem,2:non_problem,+,1,452
5,1:problem,2:non_problem,+,1,469
6,1:problem,1:problem,,1,145
7,1:problem,2:non_problem,+,1,264
8,1:problem,1:problem,,1,228
9,1:problem,1:problem,,1,27
10,1:problem,1:problem,,1,74
11,1:problem,2:non_problem,+,1,155
12,1:problem,1:problem,,1,25
13,1:problem,1:problem,,1,267
14,1:problem,1:problem,,1,443
15,1:problem,2:non_problem,+,1,342
16,1:problem,1:problem,,1,377
17,1:problem,1:problem,,1,495
18,1:problem,1:problem,,1,58
19,1:problem,1:problem,,1,83
20,1:problem,1:problem,,1,278
21,1:problem,1:problem,,1,277
22,1:problem,1:problem,,1,12
23,1:problem,1:problem,,1,232
24,1:problem,1:problem,,1,227
25,1:problem,1:problem,,1,104
26,1:problem,1:problem,,1,413
27,1:problem,1:problem,,1,162
28,1:problem,1:problem,,1,245
29,1:problem,1:problem,,1,274
30,1:problem,1:problem,,1,390
31,1:problem,1:problem,,1,192
32,1:problem,1:problem,,1,161
33,1:problem,1:problem,,1,360
34,1:problem,1:problem,,1,46
35,1:problem,1:problem,,1,225
36,1:problem,1:problem,,1,159
37,1:problem,1:problem,,1,111
38,1:problem,1:problem,,1,205
39,1:problem,1:problem,,1,440
40,1:problem,1:problem,,1,239
41,1:problem,1:problem,,1,9
42,1:problem,2:non_problem,+,1,13
43,1:problem,1:problem,,1,171
44,1:problem,1:problem,,1,295
45,1:problem,1:problem,,1,127
46,1:problem,1:problem,,1,197
47,1:problem,2:non_problem,+,1,137
48,1:problem,2:non_problem,+,1,451
49,1:problem,2:non_problem,+,1,271
50,1:problem,1:problem,,1,187
51,2:non_problem,1:problem,+,1,820
52,2:non_problem,2:non_problem,,1,891
53,2:non_problem,2:non_problem,,1,651
54,2:non_problem,2:non_problem,,1,943
55,2:non_problem,2:non_problem,,1,964
56,2:non_problem,1:problem,+,1,662
57,2:non_problem,1:problem,+,1,949
58,2:non_problem,1:problem,+,1,602
59,2:non_problem,2:non_problem,,1,724
60,2:non_problem,2:non_problem,,1,722
61,2:non_problem,2:non_problem,,1,555
62,2:non_problem,2:non_problem,,1,673
63,2:non_problem,1:problem,+,1,863
64,2:non_problem,1:problem,+,1,942
65,2:non_problem,2:non_problem,,1,771
66,2:non_problem,2:non_problem,,1,535
67,2:non_problem,2:non_problem,,1,507
68,2:non_problem,2:non_problem,,1,742
69,2:non_problem,2:non_problem,,1,631
70,2:non_problem,2:non_problem,,1,612
71,2:non_problem,2:non_problem,,1,713
72,2:non_problem,2:non_problem,,1,791
73,2:non_problem,2:non_problem,,1,904
74,2:non_problem,2:non_problem,,1,878
75,2:non_problem,2:non_problem,,1,957
76,2:non_problem,2:non_problem,,1,816
77,2:non_problem,2:non_problem,,1,802
78,2:non_problem,2:non_problem,,1,781
79,2:non_problem,2:non_problem,,1,700
80,2:non_problem,2:non_problem,,1,759
81,2:non_problem,2:non_problem,,1,872
82,2:non_problem,2:non_problem,,1,541
83,2:non_problem,2:non_problem,,1,531
84,2:non_problem,2:non_problem,,1,826
85,2:non_problem,2:non_problem,,1,944
86,2:non_problem,2:non_problem,,1,565
87,2:non_problem,2:non_problem,,1,517
88,2:non_problem,2:non_problem,,1,918
89,2:non_problem,2:non_problem,,1,852
90,2:non_problem,2:non_problem,,1,667
91,2:non_problem,1:problem,+,1,834
92,2:non_problem,2:non_problem,,1,680
93,2:non_problem,2:non_problem,,1,505
94,2:non_problem,1:problem,+,1,896
95,2:non_problem,2:non_problem,,1,895
96,2:non_problem,2:non_problem,,1,641
97,2:non_problem,2:non_problem,,1,825
98,2:non_problem,2:non_problem,,1,783
99,2:non_problem,2:non_problem,,1,793
100,2:non_problem,2:non_problem,,1,518
1,1:problem,1:problem,,1,268
2,1:problem,1:problem,,1,417
3,1:problem,1:problem,,1,14
4,1:problem,1:problem,,1,179
5,1:problem,1:problem,,1,62
6,1:problem,1:problem,,1,222
7,1:problem,1:problem,,1,302
8,1:problem,1:problem,,1,270
9,1:problem,1:problem,,1,243
10,1:problem,1:problem,,1,250
11,1:problem,1:problem,,1,93
12,1:problem,1:problem,,1,40
13,1:problem,2:non_problem,+,1,299
14,1:problem,1:problem,,1,49
15,1:problem,1:problem,,1,224
16,1:problem,1:problem,,1,70
17,1:problem,1:problem,,1,248
18,1:problem,2:non_problem,+,1,184
19,1:problem,1:problem,,1,411
20,1:problem,1:problem,,1,106
21,1:problem,1:problem,,1,288
22,1:problem,2:non_problem,+,1,136
23,1:problem,1:problem,,1,2
24,1:problem,1:problem,,1,165
25,1:problem,1:problem,,1,282
26,1:problem,1:problem,,1,86
27,1:problem,1:problem,,1,491
28,1:problem,1:problem,,1,384
29,1:problem,1:problem,,1,221
30,1:problem,1:problem,,1,287
31,1:problem,1:problem,,1,35
32,1:problem,1:problem,,1,305
33,1:problem,1:problem,,1,422
34,1:problem,1:problem,,1,253
35,1:problem,1:problem,,1,317
36,1:problem,1:problem,,1,134
37,1:problem,1:problem,,1,53
38,1:problem,1:problem,,1,426
39,1:problem,1:problem,,1,242
40,1:problem,1:problem,,1,303
41,1:problem,2:non_problem,+,1,401
42,1:problem,1:problem,,1,258
43,1:problem,1:problem,,1,421
44,1:problem,1:problem,,1,107
45,1:problem,1:problem,,1,129
46,1:problem,1:problem,,1,355
47,1:problem,1:problem,,1,32
48,1:problem,1:problem,,1,41
49,1:problem,1:problem,,1,361
50,1:problem,1:problem,,1,153
51,2:non_problem,2:non_problem,,1,645
52,2:non_problem,2:non_problem,,1,622
53,2:non_problem,2:non_problem,,1,683
54,2:non_problem,2:non_problem,,1,592
55,2:non_problem,2:non_problem,,1,506
56,2:non_problem,1:problem,+,1,976
57,2:non_problem,2:non_problem,,1,610
58,2:non_problem,2:non_problem,,1,884
59,2:non_problem,1:problem,+,1,579
60,2:non_problem,1:problem,+,1,762
61,2:non_problem,2:non_problem,,1,997
62,2:non_problem,2:non_problem,,1,554
63,2:non_problem,2:non_problem,,1,623
64,2:non_problem,2:non_problem,,1,553
65,2:non_problem,1:problem,+,1,906
66,2:non_problem,1:problem,+,1,983
67,2:non_problem,2:non_problem,,1,540
68,2:non_problem,2:non_problem,,1,716
69,2:non_problem,2:non_problem,,1,833
70,2:non_problem,2:non_problem,,1,670
71,2:non_problem,1:problem,+,1,937
72,2:non_problem,2:non_problem,,1,648
73,2:non_problem,2:non_problem,,1,536
74,2:non_problem,2:non_problem,,1,606
75,2:non_problem,2:non_problem,,1,669
76,2:non_problem,2:non_problem,,1,532
77,2:non_problem,2:non_problem,,1,635
78,2:non_problem,2:non_problem,,1,849
79,2:non_problem,2:non_problem,,1,933
80,2:non_problem,1:problem,+,1,923
81,2:non_problem,2:non_problem,,1,727
82,2:non_problem,2:non_problem,,1,681
83,2:non_problem,2:non_problem,,1,844
84,2:non_problem,2:non_problem,,1,886
85,2:non_problem,2:non_problem,,1,674
86,2:non_problem,2:non_problem,,1,992
87,2:non_problem,2:non_problem,,1,682
88,2:non_problem,1:problem,+,1,840
89,2:non_problem,1:problem,+,1,514
90,2:non_problem,2:non_problem,,1,629
91,2:non_problem,2:non_problem,,1,656
92,2:non_problem,2:non_problem,,1,765
93,2:non_problem,2:non_problem,,1,838
94,2:non_problem,2:non_problem,,1,822
95,2:non_problem,2:non_problem,,1,596
96,2:non_problem,2:non_problem,,1,903
97,2:non_problem,2:non_problem,,1,736
98,2:non_problem,2:non_problem,,1,585
99,2:non_problem,2:non_problem,,1,935
100,2:non_problem,1:problem,+,1,930
1,1:problem,1:problem,,1,45
2,1:problem,1:problem,,1,273
3,1:problem,2:non_problem,+,1,456
4,1:problem,1:problem,,1,89
5,1:problem,1:problem,,1,128
6,1:problem,1:problem,,1,87
7,1:problem,1:problem,,1,316
8,1:problem,1:problem,,1,436
9,1:problem,1:problem,,1,478
10,1:problem,1:problem,,1,52
11,1:problem,1:problem,,1,353
12,1:problem,1:problem,,1,43
13,1:problem,1:problem,,1,350
14,1:problem,1:problem,,1,42
15,1:problem,2:non_problem,+,1,56
16,1:problem,1:problem,,1,444
17,1:problem,1:problem,,1,251
18,1:problem,1:problem,,1,474
19,1:problem,1:problem,,1,219
20,1:problem,1:problem,,1,138
21,1:problem,2:non_problem,+,1,315
22,1:problem,2:non_problem,+,1,23
23,1:problem,1:problem,,1,435
24,1:problem,1:problem,,1,370
25,1:problem,1:problem,,1,310
26,1:problem,1:problem,,1,281
27,1:problem,1:problem,,1,335
28,1:problem,1:problem,,1,30
29,1:problem,1:problem,,1,154
30,1:problem,1:problem,,1,329
31,1:problem,1:problem,,1,467
32,1:problem,1:problem,,1,261
33,1:problem,1:problem,,1,247
34,1:problem,1:problem,,1,292
35,1:problem,1:problem,,1,375
36,1:problem,2:non_problem,+,1,446
37,1:problem,1:problem,,1,18
38,1:problem,1:problem,,1,31
39,1:problem,1:problem,,1,249
40,1:problem,2:non_problem,+,1,207
41,1:problem,1:problem,,1,54
42,1:problem,2:non_problem,+,1,7
43,1:problem,2:non_problem,+,1,391
44,1:problem,2:non_problem,+,1,497
45,1:problem,1:problem,,1,374
46,1:problem,1:problem,,1,470
47,1:problem,1:problem,,1,72
48,1:problem,1:problem,,1,79
49,1:problem,1:problem,,1,275
50,1:problem,1:problem,,1,430
51,2:non_problem,2:non_problem,,1,754
52,2:non_problem,2:non_problem,,1,556
53,2:non_problem,2:non_problem,,1,608
54,2:non_problem,2:non_problem,,1,676
55,2:non_problem,2:non_problem,,1,965
56,2:non_problem,2:non_problem,,1,615
57,2:non_problem,2:non_problem,,1,950
58,2:non_problem,1:problem,+,1,925
59,2:non_problem,2:non_problem,,1,835
60,2:non_problem,2:non_problem,,1,530
61,2:non_problem,2:non_problem,,1,649
62,2:non_problem,2:non_problem,,1,658
63,2:non_problem,2:non_problem,,1,901
64,2:non_problem,1:problem,+,1,831
65,2:non_problem,2:non_problem,,1,990
66,2:non_problem,2:non_problem,,1,559
67,2:non_problem,2:non_problem,,1,988
68,2:non_problem,1:problem,+,1,595
69,2:non_problem,2:non_problem,,1,927
70,2:non_problem,1:problem,+,1,760
71,2:non_problem,2:non_problem,,1,799
72,2:non_problem,2:non_problem,,1,864
73,2:non_problem,2:non_problem,,1,756
74,2:non_problem,2:non_problem,,1,708
75,2:non_problem,2:non_problem,,1,850
76,2:non_problem,1:problem,+,1,929
77,2:non_problem,1:problem,+,1,711
78,2:non_problem,2:non_problem,,1,684
79,2:non_problem,2:non_problem,,1,666
80,2:non_problem,1:problem,+,1,515
81,2:non_problem,2:non_problem,,1,823
82,2:non_problem,2:non_problem,,1,570
83,2:non_problem,2:non_problem,,1,939
84,2:non_problem,2:non_problem,,1,804
85,2:non_problem,2:non_problem,,1,571
86,2:non_problem,2:non_problem,,1,910
87,2:non_problem,2:non_problem,,1,586
88,2:non_problem,2:non_problem,,1,786
89,2:non_problem,2:non_problem,,1,502
90,2:non_problem,2:non_problem,,1,607
91,2:non_problem,2:non_problem,,1,600
92,2:non_problem,1:problem,+,1,862
93,2:non_problem,2:non_problem,,1,881
94,2:non_problem,2:non_problem,,1,721
95,2:non_problem,1:problem,+,1,639
96,2:non_problem,2:non_problem,,1,865
97,2:non_problem,1:problem,+,1,936
98,2:non_problem,2:non_problem,,1,915
99,2:non_problem,2:non_problem,,1,605
100,2:non_problem,2:non_problem,,1,675
1,1:problem,1:problem,,1,479
2,1:problem,1:problem,,1,405
3,1:problem,1:problem,,1,351
4,1:problem,1:problem,,1,408
5,1:problem,1:problem,,1,483
6,1:problem,2:non_problem,+,1,434
7,1:problem,1:problem,,1,91
8,1:problem,1:problem,,1,130
9,1:problem,1:problem,,1,81
10,1:problem,1:problem,,1,256
11,1:problem,1:problem,,1,485
12,1:problem,1:problem,,1,117
13,1:problem,2:non_problem,+,1,119
14,1:problem,1:problem,,1,488
15,1:problem,1:problem,,1,55
16,1:problem,1:problem,,1,126
17,1:problem,1:problem,,1,189
18,1:problem,1:problem,,1,423
19,1:problem,1:problem,,1,345
20,1:problem,2:non_problem,+,1,200
21,1:problem,1:problem,,1,173
22,1:problem,2:non_problem,+,1,301
23,1:problem,2:non_problem,+,1,218
24,1:problem,1:problem,,1,276
25,1:problem,1:problem,,1,21
26,1:problem,2:non_problem,+,1,212
27,1:problem,2:non_problem,+,1,484
28,1:problem,2:non_problem,+,1,217
29,1:problem,1:problem,,1,416
30,1:problem,1:problem,,1,439
31,1:problem,1:problem,,1,36
32,1:problem,1:problem,,1,59
33,1:problem,1:problem,,1,320
34,1:problem,1:problem,,1,304
35,1:problem,1:problem,,1,76
36,1:problem,1:problem,,1,96
37,1:problem,1:problem,,1,425
38,1:problem,1:problem,,1,409
39,1:problem,1:problem,,1,326
40,1:problem,2:non_problem,+,1,336
41,1:problem,1:problem,,1,101
42,1:problem,1:problem,,1,193
43,1:problem,2:non_problem,+,1,263
44,1:problem,1:problem,,1,332
45,1:problem,1:problem,,1,163
46,1:problem,1:problem,,1,11
47,1:problem,1:problem,,1,90
48,1:problem,1:problem,,1,499
49,1:problem,1:problem,,1,346
50,1:problem,1:problem,,1,260
51,2:non_problem,2:non_problem,,1,812
52,2:non_problem,2:non_problem,,1,961
53,2:non_problem,2:non_problem,,1,848
54,2:non_problem,2:non_problem,,1,590
55,2:non_problem,1:problem,+,1,692
56,2:non_problem,2:non_problem,,1,652
57,2:non_problem,1:problem,+,1,594
58,2:non_problem,2:non_problem,,1,734
59,2:non_problem,2:non_problem,,1,598
60,2:non_problem,2:non_problem,,1,785
61,2:non_problem,2:non_problem,,1,712
62,2:non_problem,2:non_problem,,1,858
63,2:non_problem,2:non_problem,,1,960
64,2:non_problem,2:non_problem,,1,914
65,2:non_problem,2:non_problem,,1,611
66,2:non_problem,2:non_problem,,1,908
67,2:non_problem,2:non_problem,,1,561
68,2:non_problem,2:non_problem,,1,743
69,2:non_problem,2:non_problem,,1,588
70,2:non_problem,2:non_problem,,1,875
71,2:non_problem,2:non_problem,,1,735
72,2:non_problem,2:non_problem,,1,821
73,2:non_problem,2:non_problem,,1,1000
74,2:non_problem,2:non_problem,,1,562
75,2:non_problem,2:non_problem,,1,851
76,2:non_problem,2:non_problem,,1,817
77,2:non_problem,2:non_problem,,1,909
78,2:non_problem,2:non_problem,,1,803
79,2:non_problem,2:non_problem,,1,755
80,2:non_problem,2:non_problem,,1,710
81,2:non_problem,1:problem,+,1,777
82,2:non_problem,2:non_problem,,1,815
83,2:non_problem,2:non_problem,,1,870
84,2:non_problem,1:problem,+,1,701
85,2:non_problem,2:non_problem,,1,575
86,2:non_problem,2:non_problem,,1,677
87,2:non_problem,2:non_problem,,1,508
88,2:non_problem,2:non_problem,,1,693
89,2:non_problem,2:non_problem,,1,921
90,2:non_problem,2:non_problem,,1,842
91,2:non_problem,2:non_problem,,1,857
92,2:non_problem,2:non_problem,,1,679
93,2:non_problem,1:problem,+,1,779
94,2:non_problem,1:problem,+,1,524
95,2:non_problem,2:non_problem,,1,618
96,2:non_problem,2:non_problem,,1,922
97,2:non_problem,2:non_problem,,1,829
98,2:non_problem,2:non_problem,,1,731
99,2:non_problem,2:non_problem,,1,916
100,2:non_problem,1:problem,+,1,563
1,1:problem,1:problem,,1,57
2,1:problem,1:problem,,1,427
3,1:problem,2:non_problem,+,1,369
4,1:problem,1:problem,,1,458
5,1:problem,1:problem,,1,306
6,1:problem,1:problem,,1,366
7,1:problem,1:problem,,1,120
8,1:problem,1:problem,,1,496
9,1:problem,1:problem,,1,15
10,1:problem,1:problem,,1,77
11,1:problem,1:problem,,1,75
12,1:problem,1:problem,,1,50
13,1:problem,1:problem,,1,34
14,1:problem,1:problem,,1,280
15,1:problem,2:non_problem,+,1,289
16,1:problem,1:problem,,1,235
17,1:problem,1:problem,,1,211
18,1:problem,1:problem,,1,114
19,1:problem,1:problem,,1,397
20,1:problem,1:problem,,1,255
21,1:problem,1:problem,,1,415
22,1:problem,1:problem,,1,319
23,1:problem,1:problem,,1,308
24,1:problem,1:problem,,1,98
25,1:problem,1:problem,,1,151
26,1:problem,2:non_problem,+,1,246
27,1:problem,1:problem,,1,167
28,1:problem,1:problem,,1,356
29,1:problem,2:non_problem,+,1,178
30,1:problem,1:problem,,1,385
31,1:problem,1:problem,,1,487
32,1:problem,1:problem,,1,170
33,1:problem,1:problem,,1,371
34,1:problem,1:problem,,1,352
35,1:problem,2:non_problem,+,1,395
36,1:problem,1:problem,,1,285
37,1:problem,1:problem,,1,428
38,1:problem,1:problem,,1,461
39,1:problem,1:problem,,1,141
40,1:problem,1:problem,,1,406
41,1:problem,1:problem,,1,392
42,1:problem,1:problem,,1,311
43,1:problem,1:problem,,1,464
44,1:problem,1:problem,,1,152
45,1:problem,1:problem,,1,437
46,1:problem,1:problem,,1,475
47,1:problem,1:problem,,1,389
48,1:problem,2:non_problem,+,1,393
49,1:problem,2:non_problem,+,1,372
50,1:problem,1:problem,,1,216
51,2:non_problem,2:non_problem,,1,642
52,2:non_problem,2:non_problem,,1,661
53,2:non_problem,2:non_problem,,1,832
54,2:non_problem,2:non_problem,,1,998
55,2:non_problem,2:non_problem,,1,854
56,2:non_problem,2:non_problem,,1,589
57,2:non_problem,2:non_problem,,1,718
58,2:non_problem,1:problem,+,1,984
59,2:non_problem,1:problem,+,1,893
60,2:non_problem,1:problem,+,1,647
61,2:non_problem,2:non_problem,,1,841
62,2:non_problem,2:non_problem,,1,917
63,2:non_problem,2:non_problem,,1,637
64,2:non_problem,2:non_problem,,1,974
65,2:non_problem,2:non_problem,,1,604
66,2:non_problem,1:problem,+,1,940
67,2:non_problem,2:non_problem,,1,913
68,2:non_problem,2:non_problem,,1,527
69,2:non_problem,2:non_problem,,1,577
70,2:non_problem,2:non_problem,,1,620
71,2:non_problem,2:non_problem,,1,981
72,2:non_problem,2:non_problem,,1,643
73,2:non_problem,2:non_problem,,1,920
74,2:non_problem,2:non_problem,,1,995
75,2:non_problem,1:problem,+,1,558
76,2:non_problem,2:non_problem,,1,889
77,2:non_problem,2:non_problem,,1,690
78,2:non_problem,2:non_problem,,1,686
79,2:non_problem,1:problem,+,1,952
80,2:non_problem,2:non_problem,,1,813
81,2:non_problem,2:non_problem,,1,543
82,2:non_problem,2:non_problem,,1,668
83,2:non_problem,2:non_problem,,1,792
84,2:non_problem,2:non_problem,,1,768
85,2:non_problem,2:non_problem,,1,905
86,2:non_problem,2:non_problem,,1,987
87,2:non_problem,1:problem,+,1,591
88,2:non_problem,2:non_problem,,1,567
89,2:non_problem,2:non_problem,,1,624
90,2:non_problem,2:non_problem,,1,627
91,2:non_problem,1:problem,+,1,659
92,2:non_problem,1:problem,+,1,846
93,2:non_problem,2:non_problem,,1,789
94,2:non_problem,1:problem,+,1,613
95,2:non_problem,2:non_problem,,1,573
96,2:non_problem,2:non_problem,,1,855
97,2:non_problem,1:problem,+,1,704
98,2:non_problem,2:non_problem,,1,797
99,2:non_problem,2:non_problem,,1,521
100,2:non_problem,2:non_problem,,1,660
1,1:problem,1:problem,,1,266
2,1:problem,1:problem,,1,259
3,1:problem,1:problem,,1,380
4,1:problem,1:problem,,1,381
5,1:problem,1:problem,,1,198
6,1:problem,1:problem,,1,231
7,1:problem,1:problem,,1,6
8,1:problem,1:problem,,1,468
9,1:problem,1:problem,,1,183
10,1:problem,1:problem,,1,481
11,1:problem,1:problem,,1,338
12,1:problem,1:problem,,1,354
13,1:problem,1:problem,,1,358
14,1:problem,1:problem,,1,429
15,1:problem,1:problem,,1,177
16,1:problem,1:problem,,1,386
17,1:problem,1:problem,,1,498
18,1:problem,1:problem,,1,454
19,1:problem,2:non_problem,+,1,254
20,1:problem,1:problem,,1,147
21,1:problem,1:problem,,1,399
22,1:problem,1:problem,,1,68
23,1:problem,1:problem,,1,29
24,1:problem,1:problem,,1,4
25,1:problem,1:problem,,1,291
26,1:problem,1:problem,,1,3
27,1:problem,2:non_problem,+,1,28
28,1:problem,1:problem,,1,38
29,1:problem,1:problem,,1,191
30,1:problem,1:problem,,1,410
31,1:problem,1:problem,,1,489
32,1:problem,1:problem,,1,404
33,1:problem,1:problem,,1,226
34,1:problem,1:problem,,1,100
35,1:problem,1:problem,,1,432
36,1:problem,1:problem,,1,438
37,1:problem,1:problem,,1,24
38,1:problem,1:problem,,1,164
39,1:problem,1:problem,,1,321
40,1:problem,2:non_problem,+,1,47
41,1:problem,2:non_problem,+,1,63
42,1:problem,1:problem,,1,51
43,1:problem,1:problem,,1,210
44,1:problem,1:problem,,1,65
45,1:problem,1:problem,,1,459
46,1:problem,1:problem,,1,135
47,1:problem,1:problem,,1,125
48,1:problem,2:non_problem,+,1,150
49,1:problem,1:problem,,1,473
50,1:problem,1:problem,,1,337
51,2:non_problem,2:non_problem,,1,646
52,2:non_problem,2:non_problem,,1,614
53,2:non_problem,2:non_problem,,1,805
54,2:non_problem,2:non_problem,,1,695
55,2:non_problem,2:non_problem,,1,839
56,2:non_problem,2:non_problem,,1,544
57,2:non_problem,2:non_problem,,1,557
58,2:non_problem,2:non_problem,,1,806
59,2:non_problem,2:non_problem,,1,738
60,2:non_problem,2:non_problem,,1,516
61,2:non_problem,1:problem,+,1,740
62,2:non_problem,2:non_problem,,1,628
63,2:non_problem,2:non_problem,,1,538
64,2:non_problem,1:problem,+,1,546
65,2:non_problem,2:non_problem,,1,523
66,2:non_problem,2:non_problem,,1,728
67,2:non_problem,2:non_problem,,1,774
68,2:non_problem,2:non_problem,,1,526
69,2:non_problem,2:non_problem,,1,892
70,2:non_problem,2:non_problem,,1,560
71,2:non_problem,2:non_problem,,1,650
72,2:non_problem,2:non_problem,,1,994
73,2:non_problem,1:problem,+,1,539
74,2:non_problem,2:non_problem,,1,671
75,2:non_problem,2:non_problem,,1,746
76,2:non_problem,2:non_problem,,1,900
77,2:non_problem,2:non_problem,,1,911
78,2:non_problem,2:non_problem,,1,959
79,2:non_problem,2:non_problem,,1,748
80,2:non_problem,2:non_problem,,1,874
81,2:non_problem,2:non_problem,,1,739
82,2:non_problem,2:non_problem,,1,534
83,2:non_problem,2:non_problem,,1,879
84,2:non_problem,2:non_problem,,1,880
85,2:non_problem,2:non_problem,,1,509
86,2:non_problem,2:non_problem,,1,689
87,2:non_problem,2:non_problem,,1,737
88,2:non_problem,1:problem,+,1,549
89,2:non_problem,2:non_problem,,1,934
90,2:non_problem,2:non_problem,,1,699
91,2:non_problem,2:non_problem,,1,956
92,2:non_problem,2:non_problem,,1,655
93,2:non_problem,2:non_problem,,1,678
94,2:non_problem,2:non_problem,,1,542
95,2:non_problem,2:non_problem,,1,796
96,2:non_problem,2:non_problem,,1,672
97,2:non_problem,2:non_problem,,1,975
98,2:non_problem,2:non_problem,,1,574
99,2:non_problem,2:non_problem,,1,580
100,2:non_problem,2:non_problem,,1,569
1,1:problem,1:problem,,1,347
2,1:problem,1:problem,,1,252
3,1:problem,2:non_problem,+,1,349
4,1:problem,1:problem,,1,328
5,1:problem,1:problem,,1,213
6,1:problem,1:problem,,1,420
7,1:problem,1:problem,,1,362
8,1:problem,1:problem,,1,60
9,1:problem,1:problem,,1,133
10,1:problem,1:problem,,1,455
11,1:problem,1:problem,,1,344
12,1:problem,1:problem,,1,272
13,1:problem,2:non_problem,+,1,37
14,1:problem,2:non_problem,+,1,108
15,1:problem,1:problem,,1,471
16,1:problem,1:problem,,1,403
17,1:problem,1:problem,,1,115
18,1:problem,1:problem,,1,442
19,1:problem,2:non_problem,+,1,378
20,1:problem,1:problem,,1,99
21,1:problem,1:problem,,1,441
22,1:problem,1:problem,,1,407
23,1:problem,1:problem,,1,174
24,1:problem,1:problem,,1,460
25,1:problem,1:problem,,1,176
26,1:problem,1:problem,,1,324
27,1:problem,1:problem,,1,124
28,1:problem,1:problem,,1,500
29,1:problem,1:problem,,1,116
30,1:problem,1:problem,,1,331
31,1:problem,1:problem,,1,286
32,1:problem,1:problem,,1,333
33,1:problem,2:non_problem,+,1,118
34,1:problem,1:problem,,1,367
35,1:problem,2:non_problem,+,1,236
36,1:problem,2:non_problem,+,1,16
37,1:problem,1:problem,,1,39
38,1:problem,1:problem,,1,418
39,1:problem,1:problem,,1,142
40,1:problem,1:problem,,1,69
41,1:problem,1:problem,,1,188
42,1:problem,1:problem,,1,240
43,1:problem,1:problem,,1,279
44,1:problem,2:non_problem,+,1,214
45,1:problem,1:problem,,1,97
46,1:problem,1:problem,,1,284
47,1:problem,2:non_problem,+,1,431
48,1:problem,1:problem,,1,486
49,1:problem,2:non_problem,+,1,482
50,1:problem,1:problem,,1,123
51,2:non_problem,2:non_problem,,1,898
52,2:non_problem,2:non_problem,,1,730
53,2:non_problem,2:non_problem,,1,504
54,2:non_problem,1:problem,+,1,587
55,2:non_problem,2:non_problem,,1,717
56,2:non_problem,1:problem,+,1,941
57,2:non_problem,2:non_problem,,1,503
58,2:non_problem,2:non_problem,,1,550
59,2:non_problem,2:non_problem,,1,510
60,2:non_problem,2:non_problem,,1,723
61,2:non_problem,2:non_problem,,1,807
62,2:non_problem,2:non_problem,,1,568
63,2:non_problem,2:non_problem,,1,818
64,2:non_problem,2:non_problem,,1,512
65,2:non_problem,2:non_problem,,1,907
66,2:non_problem,2:non_problem,,1,809
67,2:non_problem,2:non_problem,,1,513
68,2:non_problem,1:problem,+,1,824
69,2:non_problem,2:non_problem,,1,993
70,2:non_problem,1:problem,+,1,749
71,2:non_problem,2:non_problem,,1,582
72,2:non_problem,1:problem,+,1,982
73,2:non_problem,2:non_problem,,1,714
74,2:non_problem,2:non_problem,,1,866
75,2:non_problem,2:non_problem,,1,576
76,2:non_problem,2:non_problem,,1,702
77,2:non_problem,1:problem,+,1,533
78,2:non_problem,2:non_problem,,1,902
79,2:non_problem,2:non_problem,,1,715
80,2:non_problem,2:non_problem,,1,597
81,2:non_problem,1:problem,+,1,919
82,2:non_problem,2:non_problem,,1,775
83,2:non_problem,1:problem,+,1,778
84,2:non_problem,2:non_problem,,1,883
85,2:non_problem,1:problem,+,1,938
86,2:non_problem,2:non_problem,,1,719
87,2:non_problem,2:non_problem,,1,745
88,2:non_problem,2:non_problem,,1,529
89,2:non_problem,2:non_problem,,1,698
90,2:non_problem,2:non_problem,,1,885
91,2:non_problem,1:problem,+,1,868
92,2:non_problem,2:non_problem,,1,609
93,2:non_problem,2:non_problem,,1,800
94,2:non_problem,1:problem,+,1,747
95,2:non_problem,1:problem,+,1,951
96,2:non_problem,2:non_problem,,1,999
97,2:non_problem,2:non_problem,,1,876
98,2:non_problem,1:problem,+,1,947
99,2:non_problem,1:problem,+,1,928
100,2:non_problem,2:non_problem,,1,986