inst#,actual,predicted,error,prediction,ID
1,1:problem,1:problem,,0.949,447
2,1:problem,2:non_problem,+,0.846,402
3,1:problem,1:problem,,0.674,94
4,1:problem,1:problem,,0.977,463
5,1:problem,1:problem,,0.994,175
6,1:problem,1:problem,,0.885,194
7,1:problem,1:problem,,0.503,196
8,1:problem,1:problem,,0.855,398
9,1:problem,2:non_problem,+,0.685,33
10,1:problem,1:problem,,0.908,156
11,1:problem,1:problem,,0.998,209
12,1:problem,2:non_problem,+,0.689,480
13,1:problem,2:non_problem,+,0.512,476
14,1:problem,1:problem,,0.991,412
15,1:problem,2:non_problem,+,0.689,494
16,1:problem,1:problem,,0.946,144
17,1:problem,2:non_problem,+,0.829,376
18,1:problem,1:problem,,0.582,10
19,1:problem,1:problem,,0.934,78
20,1:problem,1:problem,,0.882,181
21,1:problem,1:problem,,0.953,182
22,1:problem,1:problem,,0.994,190
23,1:problem,2:non_problem,+,0.549,143
24,1:problem,1:problem,,0.868,140
25,1:problem,2:non_problem,+,0.511,8
26,1:problem,1:problem,,0.987,323
27,1:problem,1:problem,,0.994,300
28,1:problem,1:problem,,0.551,102
29,1:problem,2:non_problem,+,0.71,73
30,1:problem,2:non_problem,+,0.812,433
31,1:problem,1:problem,,0.666,262
32,1:problem,1:problem,,0.544,373
33,1:problem,1:problem,,0.812,312
34,1:problem,1:problem,,0.928,149
35,1:problem,1:problem,,0.796,206
36,1:problem,1:problem,,0.561,343
37,1:problem,2:non_problem,+,0.919,185
38,1:problem,2:non_problem,+,0.519,419
39,1:problem,1:problem,,0.873,132
40,1:problem,1:problem,,0.611,157
41,1:problem,1:problem,,0.966,105
42,1:problem,1:problem,,0.952,298
43,1:problem,1:problem,,0.742,61
44,1:problem,1:problem,,0.535,466
45,1:problem,1:problem,,0.964,359
46,1:problem,1:problem,,0.991,1
47,1:problem,2:non_problem,+,0.503,230
48,1:problem,1:problem,,0.91,172
49,1:problem,1:problem,,0.87,296
50,1:problem,1:problem,,0.973,5
51,2:non_problem,2:non_problem,,0.998,819
52,2:non_problem,1:problem,+,0.849,827
53,2:non_problem,2:non_problem,,0.995,843
54,2:non_problem,2:non_problem,,0.832,725
55,2:non_problem,2:non_problem,,0.72,625
56,2:non_problem,2:non_problem,,0.965,953
57,2:non_problem,2:non_problem,,0.577,894
58,2:non_problem,2:non_problem,,0.97,808
59,2:non_problem,1:problem,+,0.506,578
60,2:non_problem,2:non_problem,,0.933,572
61,2:non_problem,1:problem,+,0.594,733
62,2:non_problem,2:non_problem,,0.939,764
63,2:non_problem,2:non_problem,,0.986,706
64,2:non_problem,1:problem,+,0.808,989
65,2:non_problem,2:non_problem,,0.994,525
66,2:non_problem,2:non_problem,,0.999,653
67,2:non_problem,2:non_problem,,0.678,707
68,2:non_problem,1:problem,+,0.626,887
69,2:non_problem,1:problem,+,0.556,552
70,2:non_problem,2:non_problem,,0.988,980
71,2:non_problem,1:problem,+,0.746,877
72,2:non_problem,2:non_problem,,0.993,890
73,2:non_problem,1:problem,+,0.851,945
74,2:non_problem,2:non_problem,,0.971,966
75,2:non_problem,2:non_problem,,0.998,996
76,2:non_problem,2:non_problem,,0.769,955
77,2:non_problem,2:non_problem,,0.999,787
78,2:non_problem,2:non_problem,,0.916,795
79,2:non_problem,1:problem,+,0.785,685
80,2:non_problem,2:non_problem,,0.998,784
81,2:non_problem,2:non_problem,,0.833,691
82,2:non_problem,2:non_problem,,0.646,932
83,2:non_problem,2:non_problem,,0.626,962
84,2:non_problem,2:non_problem,,1,828
85,2:non_problem,2:non_problem,,0.887,638
86,2:non_problem,2:non_problem,,0.809,583
87,2:non_problem,1:problem,+,0.51,973
88,2:non_problem,2:non_problem,,0.564,726
89,2:non_problem,2:non_problem,,0.942,861
90,2:non_problem,2:non_problem,,0.971,551
91,2:non_problem,2:non_problem,,0.999,869
92,2:non_problem,2:non_problem,,0.878,968
93,2:non_problem,2:non_problem,,0.926,873
94,2:non_problem,2:non_problem,,0.863,547
95,2:non_problem,2:non_problem,,0.996,616
96,2:non_problem,2:non_problem,,0.997,603
97,2:non_problem,1:problem,+,0.809,788
98,2:non_problem,1:problem,+,0.586,776
99,2:non_problem,2:non_problem,,0.976,617
100,2:non_problem,2:non_problem,,0.996,752
1,1:problem,1:problem,,0.707,414
2,1:problem,2:non_problem,+,0.682,368
3,1:problem,1:problem,,0.779,314
4,1:problem,1:problem,,0.976,22
5,1:problem,1:problem,,0.998,121
6,1:problem,2:non_problem,+,0.783,363
7,1:problem,1:problem,,0.757,424
8,1:problem,1:problem,,0.821,195
9,1:problem,1:problem,,0.876,383
10,1:problem,2:non_problem,+,0.748,199
11,1:problem,1:problem,,0.966,202
12,1:problem,1:problem,,0.949,20
13,1:problem,1:problem,,0.844,341
14,1:problem,1:problem,,0.651,387
15,1:problem,1:problem,,0.639,139
16,1:problem,1:problem,,0.715,379
17,1:problem,2:non_problem,+,0.766,290
18,1:problem,2:non_problem,+,0.646,203
19,1:problem,1:problem,,0.627,238
20,1:problem,1:problem,,0.954,388
21,1:problem,1:problem,,0.983,223
22,1:problem,1:problem,,0.631,457
23,1:problem,1:problem,,0.928,103
24,1:problem,2:non_problem,+,0.624,327
25,1:problem,1:problem,,0.986,283
26,1:problem,2:non_problem,+,0.557,364
27,1:problem,1:problem,,0.779,449
28,1:problem,1:problem,,0.886,233
29,1:problem,1:problem,,0.579,453
30,1:problem,1:problem,,0.875,396
31,1:problem,1:problem,,0.963,318
32,1:problem,1:problem,,0.808,400
33,1:problem,1:problem,,0.917,330
34,1:problem,2:non_problem,+,0.897,64
35,1:problem,1:problem,,0.71,448
36,1:problem,2:non_problem,+,0.627,357
37,1:problem,1:problem,,0.845,112
38,1:problem,1:problem,,0.827,208
39,1:problem,1:problem,,0.771,490
40,1:problem,1:problem,,0.974,309
41,1:problem,1:problem,,0.661,450
42,1:problem,1:problem,,0.749,257
43,1:problem,2:non_problem,+,0.534,348
44,1:problem,2:non_problem,+,0.855,148
45,1:problem,1:problem,,0.787,229
46,1:problem,1:problem,,0.888,294
47,1:problem,1:problem,,0.909,122
48,1:problem,1:problem,,0.972,201
49,1:problem,1:problem,,0.522,244
50,1:problem,1:problem,,0.712,17
51,2:non_problem,2:non_problem,,0.95,924
52,2:non_problem,2:non_problem,,0.934,801
53,2:non_problem,2:non_problem,,0.708,632
54,2:non_problem,2:non_problem,,0.985,758
55,2:non_problem,2:non_problem,,0.866,766
56,2:non_problem,2:non_problem,,0.792,694
57,2:non_problem,2:non_problem,,0.998,696
58,2:non_problem,2:non_problem,,0.768,836
59,2:non_problem,2:non_problem,,0.793,750
60,2:non_problem,2:non_problem,,0.992,899
61,2:non_problem,1:problem,+,0.934,581
62,2:non_problem,2:non_problem,,0.999,948
63,2:non_problem,1:problem,+,0.55,630
64,2:non_problem,1:problem,+,0.61,744
65,2:non_problem,2:non_problem,,0.878,753
66,2:non_problem,1:problem,+,0.743,601
67,2:non_problem,2:non_problem,,0.998,640
68,2:non_problem,2:non_problem,,0.839,837
69,2:non_problem,2:non_problem,,0.928,564
70,2:non_problem,2:non_problem,,0.929,845
71,2:non_problem,2:non_problem,,0.891,520
72,2:non_problem,1:problem,+,0.52,946
73,2:non_problem,1:problem,+,0.529,663
74,2:non_problem,2:non_problem,,0.915,763
75,2:non_problem,2:non_problem,,0.78,847
76,2:non_problem,2:non_problem,,0.992,545
77,2:non_problem,2:non_problem,,0.925,969
78,2:non_problem,1:problem,+,0.602,897
79,2:non_problem,2:non_problem,,0.991,634
80,2:non_problem,2:non_problem,,0.997,794
81,2:non_problem,2:non_problem,,0.675,853
82,2:non_problem,2:non_problem,,0.915,537
83,2:non_problem,2:non_problem,,0.611,856
84,2:non_problem,2:non_problem,,0.908,970
85,2:non_problem,1:problem,+,0.96,772
86,2:non_problem,2:non_problem,,0.781,814
87,2:non_problem,2:non_problem,,0.672,697
88,2:non_problem,1:problem,+,0.523,867
89,2:non_problem,2:non_problem,,0.999,773
90,2:non_problem,2:non_problem,,0.906,720
91,2:non_problem,2:non_problem,,0.739,978
92,2:non_problem,2:non_problem,,0.925,584
93,2:non_problem,2:non_problem,,0.99,664
94,2:non_problem,2:non_problem,,0.888,912
95,2:non_problem,2:non_problem,,0.774,741
96,2:non_problem,1:problem,+,0.575,501
97,2:non_problem,2:non_problem,,0.746,810
98,2:non_problem,1:problem,+,0.777,882
99,2:non_problem,2:non_problem,,0.978,780
100,2:non_problem,2:non_problem,,0.985,971
1,1:problem,1:problem,,0.994,66
2,1:problem,1:problem,,0.967,80
3,1:problem,1:problem,,0.598,325
4,1:problem,1:problem,,0.536,493
5,1:problem,1:problem,,0.674,215
6,1:problem,1:problem,,0.978,44
7,1:problem,1:problem,,0.958,109
8,1:problem,2:non_problem,+,0.562,307
9,1:problem,1:problem,,0.991,237
10,1:problem,2:non_problem,+,0.951,340
11,1:problem,1:problem,,0.996,92
12,1:problem,1:problem,,0.856,382
13,1:problem,1:problem,,0.967,95
14,1:problem,1:problem,,0.896,365
15,1:problem,2:non_problem,+,0.801,297
16,1:problem,1:problem,,0.759,168
17,1:problem,1:problem,,0.924,234
18,1:problem,1:problem,,0.902,269
19,1:problem,1:problem,,0.684,169
20,1:problem,1:problem,,0.914,110
21,1:problem,2:non_problem,+,0.598,492
22,1:problem,1:problem,,0.552,113
23,1:problem,1:problem,,0.923,472
24,1:problem,1:problem,,0.856,67
25,1:problem,1:problem,,0.985,241
26,1:problem,1:problem,,0.914,82
27,1:problem,1:problem,,0.994,204
28,1:problem,1:problem,,0.8,293
29,1:problem,2:non_problem,+,0.954,313
30,1:problem,1:problem,,0.876,322
31,1:problem,1:problem,,0.864,334
32,1:problem,1:problem,,0.928,71
33,1:problem,1:problem,,0.969,462
34,1:problem,1:problem,,0.971,477
35,1:problem,1:problem,,0.988,186
36,1:problem,1:problem,,0.992,465
37,1:problem,1:problem,,0.545,265
38,1:problem,1:problem,,0.709,26
39,1:problem,2:non_problem,+,0.537,445
40,1:problem,2:non_problem,+,0.615,85
41,1:problem,1:problem,,0.95,220
42,1:problem,1:problem,,0.655,160
43,1:problem,1:problem,,0.622,48
44,1:problem,1:problem,,0.883,166
45,1:problem,2:non_problem,+,0.791,131
46,1:problem,1:problem,,0.97,146
47,1:problem,1:problem,,0.823,394
48,1:problem,2:non_problem,+,0.638,84
49,1:problem,1:problem,,1,158
50,1:problem,1:problem,,0.686,339
51,2:non_problem,2:non_problem,,0.836,790
52,2:non_problem,2:non_problem,,1,522
53,2:non_problem,1:problem,+,0.509,687
54,2:non_problem,2:non_problem,,0.993,705
55,2:non_problem,2:non_problem,,0.955,732
56,2:non_problem,2:non_problem,,1,621
57,2:non_problem,2:non_problem,,0.917,811
58,2:non_problem,2:non_problem,,0.991,593
59,2:non_problem,2:non_problem,,0.587,511
60,2:non_problem,2:non_problem,,0.969,769
61,2:non_problem,1:problem,+,0.927,770
62,2:non_problem,2:non_problem,,0.992,729
63,2:non_problem,2:non_problem,,0.583,871
64,2:non_problem,1:problem,+,0.897,566
65,2:non_problem,2:non_problem,,0.993,548
66,2:non_problem,2:non_problem,,1,519
67,2:non_problem,2:non_problem,,0.998,859
68,2:non_problem,1:problem,+,0.853,926
69,2:non_problem,2:non_problem,,0.923,782
70,2:non_problem,2:non_problem,,1,958
71,2:non_problem,2:non_problem,,0.749,751
72,2:non_problem,2:non_problem,,0.693,931
73,2:non_problem,2:non_problem,,0.999,654
74,2:non_problem,2:non_problem,,0.872,633
75,2:non_problem,2:non_problem,,0.998,967
76,2:non_problem,2:non_problem,,0.933,985
77,2:non_problem,2:non_problem,,0.997,644
78,2:non_problem,2:non_problem,,0.977,979
79,2:non_problem,1:problem,+,0.768,703
80,2:non_problem,2:non_problem,,0.569,665
81,2:non_problem,2:non_problem,,0.943,860
82,2:non_problem,2:non_problem,,0.707,830
83,2:non_problem,1:problem,+,0.713,528
84,2:non_problem,2:non_problem,,0.999,688
85,2:non_problem,1:problem,+,0.64,636
86,2:non_problem,1:problem,+,0.996,626
87,2:non_problem,2:non_problem,,0.667,757
88,2:non_problem,1:problem,+,0.898,761
89,2:non_problem,2:non_problem,,0.694,977
90,2:non_problem,2:non_problem,,0.999,798
91,2:non_problem,2:non_problem,,0.569,972
92,2:non_problem,2:non_problem,,0.962,599
93,2:non_problem,2:non_problem,,0.712,963
94,2:non_problem,2:non_problem,,0.994,991
95,2:non_problem,2:non_problem,,0.986,888
96,2:non_problem,2:non_problem,,0.986,709
97,2:non_problem,2:non_problem,,0.999,619
98,2:non_problem,2:non_problem,,0.952,954
99,2:non_problem,2:non_problem,,0.997,657
100,2:non_problem,2:non_problem,,0.979,767
1,1:problem,1:problem,,0.764,19
2,1:problem,2:non_problem,+,0.969,180
3,1:problem,1:problem,,0.685,88
4,1:problem,1:problem,,0.785,452
5,1:problem,2:non_problem,+,0.968,469
6,1:problem,1:problem,,0.856,145
7,1:problem,1:problem,,0.954,264
8,1:problem,1:problem,,0.534,228
9,1:problem,1:problem,,0.561,27
10,1:problem,1:problem,,0.934,74
11,1:problem,1:problem,,0.828,155
12,1:problem,1:problem,,0.589,25
13,1:problem,1:problem,,0.863,267
14,1:problem,2:non_problem,+,0.656,443
15,1:problem,2:non_problem,+,0.687,342
16,1:problem,1:problem,,0.908,377
17,1:problem,1:problem,,0.842,495
18,1:problem,1:problem,,0.857,58
19,1:problem,1:problem,,0.744,83
20,1:problem,1:problem,,0.526,278
21,1:problem,1:problem,,0.798,277
22,1:problem,2:non_problem,+,0.601,12
23,1:problem,1:problem,,0.858,232
24,1:problem,1:problem,,0.809,227
25,1:problem,1:problem,,0.918,104
26,1:problem,1:problem,,0.799,413
27,1:problem,1:problem,,0.988,162
28,1:problem,1:problem,,0.964,245
29,1:problem,1:problem,,0.923,274
30,1:problem,1:problem,,0.997,390
31,1:problem,1:problem,,0.504,192
32,1:problem,1:problem,,0.504,161
33,1:problem,1:problem,,0.971,360
34,1:problem,1:problem,,0.996,46
35,1:problem,2:non_problem,+,0.685,225
36,1:problem,1:problem,,0.921,159
37,1:problem,2:non_problem,+,0.872,111
38,1:problem,1:problem,,0.792,205
39,1:problem,1:problem,,0.819,440
40,1:problem,1:problem,,0.721,239
41,1:problem,1:problem,,0.928,9
42,1:problem,2:non_problem,+,0.979,13
43,1:problem,1:problem,,0.988,171
44,1:problem,1:problem,,0.742,295
45,1:problem,1:problem,,0.897,127
46,1:problem,1:problem,,0.921,197
47,1:problem,1:problem,,0.789,137
48,1:problem,2:non_problem,+,0.841,451
49,1:problem,2:non_problem,+,0.559,271
50,1:problem,1:problem,,0.761,187
51,2:non_problem,2:non_problem,,0.623,820
52,2:non_problem,2:non_problem,,0.935,891
53,2:non_problem,2:non_problem,,1,651
54,2:non_problem,2:non_problem,,0.83,943
55,2:non_problem,2:non_problem,,1,964
56,2:non_problem,2:non_problem,,0.957,662
57,2:non_problem,1:problem,+,0.962,949
58,2:non_problem,2:non_problem,,0.778,602
59,2:non_problem,2:non_problem,,0.999,724
60,2:non_problem,2:non_problem,,1,722
61,2:non_problem,2:non_problem,,0.976,555
62,2:non_problem,2:non_problem,,0.999,673
63,2:non_problem,2:non_problem,,0.534,863
64,2:non_problem,2:non_problem,,0.735,942
65,2:non_problem,2:non_problem,,0.981,771
66,2:non_problem,2:non_problem,,0.999,535
67,2:non_problem,1:problem,+,0.58,507
68,2:non_problem,2:non_problem,,0.999,742
69,2:non_problem,2:non_problem,,0.719,631
70,2:non_problem,2:non_problem,,0.999,612
71,2:non_problem,2:non_problem,,0.907,713
72,2:non_problem,2:non_problem,,0.621,791
73,2:non_problem,2:non_problem,,0.964,904
74,2:non_problem,2:non_problem,,0.989,878
75,2:non_problem,2:non_problem,,0.85,957
76,2:non_problem,2:non_problem,,0.898,816
77,2:non_problem,2:non_problem,,0.945,802
78,2:non_problem,2:non_problem,,0.851,781
79,2:non_problem,2:non_problem,,0.998,700
80,2:non_problem,2:non_problem,,0.896,759
81,2:non_problem,2:non_problem,,0.993,872
82,2:non_problem,2:non_problem,,1,541
83,2:non_problem,2:non_problem,,0.997,531
84,2:non_problem,1:problem,+,0.856,826
85,2:non_problem,2:non_problem,,0.999,944
86,2:non_problem,2:non_problem,,0.983,565
87,2:non_problem,2:non_problem,,0.889,517
88,2:non_problem,2:non_problem,,0.997,918
89,2:non_problem,2:non_problem,,0.943,852
90,2:non_problem,2:non_problem,,0.998,667
91,2:non_problem,1:problem,+,0.674,834
92,2:non_problem,2:non_problem,,0.59,680
93,2:non_problem,2:non_problem,,0.904,505
94,2:non_problem,2:non_problem,,0.739,896
95,2:non_problem,2:non_problem,,0.696,895
96,2:non_problem,2:non_problem,,0.986,641
97,2:non_problem,1:problem,+,0.601,825
98,2:non_problem,2:non_problem,,0.854,783
99,2:non_problem,2:non_problem,,0.868,793
100,2:non_problem,2:non_problem,,1,518
1,1:problem,1:problem,,0.971,268
2,1:problem,1:problem,,0.8,417
3,1:problem,1:problem,,0.616,14
4,1:problem,1:problem,,0.707,179
5,1:problem,1:problem,,0.689,62
6,1:problem,1:problem,,0.842,222
7,1:problem,2:non_problem,+,0.618,302
8,1:problem,1:problem,,0.898,270
9,1:problem,1:problem,,0.765,243
10,1:problem,2:non_problem,+,0.501,250
11,1:problem,1:problem,,0.913,93
12,1:problem,2:non_problem,+,0.85,40
13,1:problem,1:problem,,0.609,299
14,1:problem,1:problem,,0.83,49
15,1:problem,1:problem,,0.97,224
16,1:problem,1:problem,,0.981,70
17,1:problem,1:problem,,0.929,248
18,1:problem,1:problem,,0.71,184
19,1:problem,1:problem,,0.812,411
20,1:problem,1:problem,,0.587,106
21,1:problem,1:problem,,0.863,288
22,1:problem,2:non_problem,+,0.754,136
23,1:problem,1:problem,,0.96,2
24,1:problem,1:problem,,0.546,165
25,1:problem,1:problem,,0.981,282
26,1:problem,1:problem,,0.501,86
27,1:problem,1:problem,,0.922,491
28,1:problem,1:problem,,0.508,384
29,1:problem,1:problem,,0.717,221
30,1:problem,1:problem,,0.99,287
31,1:problem,1:problem,,0.895,35
32,1:problem,1:problem,,0.847,305
33,1:problem,1:problem,,0.939,422
34,1:problem,1:problem,,0.954,253
35,1:problem,1:problem,,0.502,317
36,1:problem,1:problem,,0.94,134
37,1:problem,1:problem,,0.952,53
38,1:problem,1:problem,,0.945,426
39,1:problem,1:problem,,0.845,242
40,1:problem,1:problem,,0.839,303
41,1:problem,1:problem,,0.756,401
42,1:problem,1:problem,,0.956,258
43,1:problem,2:non_problem,+,0.677,421
44,1:problem,1:problem,,0.974,107
45,1:problem,1:problem,,0.965,129
46,1:problem,1:problem,,0.952,355
47,1:problem,1:problem,,0.929,32
48,1:problem,1:problem,,0.97,41
49,1:problem,2:non_problem,+,0.671,361
50,1:problem,1:problem,,0.947,153
51,2:non_problem,1:problem,+,0.829,645
52,2:non_problem,2:non_problem,,0.829,622
53,2:non_problem,2:non_problem,,0.984,683
54,2:non_problem,2:non_problem,,0.999,592
55,2:non_problem,2:non_problem,,0.997,506
56,2:non_problem,1:problem,+,0.941,976
57,2:non_problem,2:non_problem,,0.987,610
58,2:non_problem,2:non_problem,,0.85,884
59,2:non_problem,1:problem,+,0.841,579
60,2:non_problem,1:problem,+,0.97,762
61,2:non_problem,2:non_problem,,0.816,997
62,2:non_problem,2:non_problem,,0.763,554
63,2:non_problem,2:non_problem,,0.996,623
64,2:non_problem,2:non_problem,,0.574,553
65,2:non_problem,1:problem,+,0.81,906
66,2:non_problem,1:problem,+,0.908,983
67,2:non_problem,2:non_problem,,0.999,540
68,2:non_problem,2:non_problem,,0.866,716
69,2:non_problem,2:non_problem,,0.986,833
70,2:non_problem,2:non_problem,,0.977,670
71,2:non_problem,1:problem,+,0.545,937
72,2:non_problem,2:non_problem,,0.755,648
73,2:non_problem,2:non_problem,,0.946,536
74,2:non_problem,2:non_problem,,0.776,606
75,2:non_problem,2:non_problem,,0.994,669
76,2:non_problem,2:non_problem,,0.958,532
77,2:non_problem,2:non_problem,,0.974,635
78,2:non_problem,2:non_problem,,0.74,849
79,2:non_problem,2:non_problem,,0.852,933
80,2:non_problem,1:problem,+,0.811,923
81,2:non_problem,2:non_problem,,0.995,727
82,2:non_problem,2:non_problem,,0.997,681
83,2:non_problem,2:non_problem,,0.991,844
84,2:non_problem,2:non_problem,,0.791,886
85,2:non_problem,1:problem,+,0.627,674
86,2:non_problem,2:non_problem,,0.991,992
87,2:non_problem,1:problem,+,0.554,682
88,2:non_problem,1:problem,+,0.712,840
89,2:non_problem,2:non_problem,,0.558,514
90,2:non_problem,2:non_problem,,0.918,629
91,2:non_problem,2:non_problem,,0.992,656
92,2:non_problem,2:non_problem,,0.994,765
93,2:non_problem,2:non_problem,,0.557,838
94,2:non_problem,1:problem,+,0.819,822
95,2:non_problem,2:non_problem,,0.976,596
96,2:non_problem,1:problem,+,0.7,903
97,2:non_problem,2:non_problem,,0.96,736
98,2:non_problem,2:non_problem,,0.996,585
99,2:non_problem,2:non_problem,,0.972,935
100,2:non_problem,1:problem,+,0.687,930
1,1:problem,1:problem,,0.852,45
2,1:problem,1:problem,,0.896,273
3,1:problem,1:problem,,0.753,456
4,1:problem,2:non_problem,+,0.517,89
5,1:problem,1:problem,,0.99,128
6,1:problem,2:non_problem,+,0.527,87
7,1:problem,1:problem,,0.798,316
8,1:problem,1:problem,,0.993,436
9,1:problem,1:problem,,0.984,478
10,1:problem,1:problem,,0.984,52
11,1:problem,1:problem,,0.794,353
12,1:problem,2:non_problem,+,0.532,43
13,1:problem,1:problem,,0.858,350
14,1:problem,1:problem,,0.967,42
15,1:problem,2:non_problem,+,0.532,56
16,1:problem,1:problem,,0.979,444
17,1:problem,2:non_problem,+,0.679,251
18,1:problem,1:problem,,0.689,474
19,1:problem,1:problem,,0.985,219
20,1:problem,2:non_problem,+,0.842,138
21,1:problem,2:non_problem,+,0.783,315
22,1:problem,2:non_problem,+,0.596,23
23,1:problem,1:problem,,0.92,435
24,1:problem,1:problem,,0.936,370
25,1:problem,1:problem,,0.779,310
26,1:problem,1:problem,,0.887,281
27,1:problem,1:problem,,0.874,335
28,1:problem,1:problem,,0.969,30
29,1:problem,2:non_problem,+,0.749,154
30,1:problem,1:problem,,0.709,329
31,1:problem,1:problem,,0.525,467
32,1:problem,1:problem,,0.895,261
33,1:problem,1:problem,,0.549,247
34,1:problem,1:problem,,0.651,292
35,1:problem,1:problem,,0.988,375
36,1:problem,2:non_problem,+,0.768,446
37,1:problem,1:problem,,0.744,18
38,1:problem,1:problem,,0.707,31
39,1:problem,1:problem,,0.964,249
40,1:problem,2:non_problem,+,0.502,207
41,1:problem,1:problem,,0.932,54
42,1:problem,1:problem,,0.518,7
43,1:problem,2:non_problem,+,0.687,391
44,1:problem,1:problem,,0.547,497
45,1:problem,1:problem,,0.718,374
46,1:problem,1:problem,,0.957,470
47,1:problem,1:problem,,0.918,72
48,1:problem,1:problem,,0.965,79
49,1:problem,1:problem,,0.556,275
50,1:problem,1:problem,,0.946,430
51,2:non_problem,2:non_problem,,0.996,754
52,2:non_problem,2:non_problem,,0.994,556
53,2:non_problem,2:non_problem,,0.749,608
54,2:non_problem,2:non_problem,,0.558,676
55,2:non_problem,2:non_problem,,0.999,965
56,2:non_problem,2:non_problem,,0.96,615
57,2:non_problem,2:non_problem,,0.93,950
58,2:non_problem,1:problem,+,0.662,925
59,2:non_problem,2:non_problem,,0.999,835
60,2:non_problem,2:non_problem,,0.538,530
61,2:non_problem,2:non_problem,,0.642,649
62,2:non_problem,2:non_problem,,0.974,658
63,2:non_problem,2:non_problem,,0.999,901
64,2:non_problem,1:problem,+,0.785,831
65,2:non_problem,2:non_problem,,0.916,990
66,2:non_problem,2:non_problem,,0.995,559
67,2:non_problem,1:problem,+,0.74,988
68,2:non_problem,1:problem,+,0.679,595
69,2:non_problem,2:non_problem,,0.836,927
70,2:non_problem,1:problem,+,0.564,760
71,2:non_problem,2:non_problem,,0.981,799
72,2:non_problem,2:non_problem,,0.999,864
73,2:non_problem,2:non_problem,,0.905,756
74,2:non_problem,1:problem,+,0.875,708
75,2:non_problem,2:non_problem,,0.591,850
76,2:non_problem,2:non_problem,,0.935,929
77,2:non_problem,1:problem,+,0.73,711
78,2:non_problem,2:non_problem,,0.859,684
79,2:non_problem,2:non_problem,,0.998,666
80,2:non_problem,1:problem,+,0.903,515
81,2:non_problem,2:non_problem,,0.879,823
82,2:non_problem,2:non_problem,,0.995,570
83,2:non_problem,2:non_problem,,0.995,939
84,2:non_problem,2:non_problem,,0.998,804
85,2:non_problem,2:non_problem,,0.826,571
86,2:non_problem,2:non_problem,,0.983,910
87,2:non_problem,2:non_problem,,0.997,586
88,2:non_problem,2:non_problem,,0.897,786
89,2:non_problem,1:problem,+,0.877,502
90,2:non_problem,2:non_problem,,0.608,607
91,2:non_problem,2:non_problem,,0.998,600
92,2:non_problem,2:non_problem,,0.594,862
93,2:non_problem,2:non_problem,,0.766,881
94,2:non_problem,2:non_problem,,0.997,721
95,2:non_problem,1:problem,+,0.711,639
96,2:non_problem,2:non_problem,,0.602,865
97,2:non_problem,1:problem,+,0.789,936
98,2:non_problem,2:non_problem,,0.926,915
99,2:non_problem,2:non_problem,,0.995,605
100,2:non_problem,2:non_problem,,0.803,675
1,1:problem,1:problem,,0.919,479
2,1:problem,1:problem,,0.993,405
3,1:problem,1:problem,,0.983,351
4,1:problem,2:non_problem,+,0.599,408
5,1:problem,1:problem,,0.992,483
6,1:problem,2:non_problem,+,0.908,434
7,1:problem,1:problem,,0.868,91
8,1:problem,1:problem,,0.991,130
9,1:problem,1:problem,,1,81
10,1:problem,1:problem,,0.969,256
11,1:problem,1:problem,,0.95,485
12,1:problem,1:problem,,0.965,117
13,1:problem,1:problem,,0.778,119
14,1:problem,2:non_problem,+,0.524,488
15,1:problem,1:problem,,0.99,55
16,1:problem,1:problem,,0.517,126
17,1:problem,1:problem,,0.965,189
18,1:problem,1:problem,,0.892,423
19,1:problem,1:problem,,0.901,345
20,1:problem,1:problem,,0.737,200
21,1:problem,1:problem,,0.909,173
22,1:problem,2:non_problem,+,0.922,301
23,1:problem,2:non_problem,+,0.837,218
24,1:problem,1:problem,,0.998,276
25,1:problem,1:problem,,0.973,21
26,1:problem,1:problem,,0.847,212
27,1:problem,2:non_problem,+,0.612,484
28,1:problem,2:non_problem,+,0.701,217
29,1:problem,1:problem,,0.948,416
30,1:problem,2:non_problem,+,0.892,439
31,1:problem,1:problem,,0.907,36
32,1:problem,1:problem,,0.644,59
33,1:problem,1:problem,,0.84,320
34,1:problem,1:problem,,0.979,304
35,1:problem,1:problem,,0.872,76
36,1:problem,1:problem,,0.999,96
37,1:problem,1:problem,,0.928,425
38,1:problem,1:problem,,0.988,409
39,1:problem,1:problem,,0.915,326
40,1:problem,2:non_problem,+,0.98,336
41,1:problem,2:non_problem,+,0.679,101
42,1:problem,1:problem,,0.944,193
43,1:problem,2:non_problem,+,0.977,263
44,1:problem,1:problem,,0.659,332
45,1:problem,1:problem,,0.999,163
46,1:problem,1:problem,,0.76,11
47,1:problem,1:problem,,0.995,90
48,1:problem,1:problem,,0.74,499
49,1:problem,1:problem,,0.999,346
50,1:problem,1:problem,,0.759,260
51,2:non_problem,2:non_problem,,0.929,812
52,2:non_problem,2:non_problem,,0.787,961
53,2:non_problem,2:non_problem,,0.805,848
54,2:non_problem,2:non_problem,,0.916,590
55,2:non_problem,1:problem,+,0.537,692
56,2:non_problem,2:non_problem,,0.996,652
57,2:non_problem,1:problem,+,0.608,594
58,2:non_problem,2:non_problem,,0.996,734
59,2:non_problem,2:non_problem,,0.999,598
60,2:non_problem,2:non_problem,,0.979,785
61,2:non_problem,1:problem,+,0.593,712
62,2:non_problem,2:non_problem,,0.526,858
63,2:non_problem,2:non_problem,,0.997,960
64,2:non_problem,2:non_problem,,0.999,914
65,2:non_problem,2:non_problem,,0.916,611
66,2:non_problem,2:non_problem,,0.739,908
67,2:non_problem,2:non_problem,,1,561
68,2:non_problem,2:non_problem,,0.563,743
69,2:non_problem,2:non_problem,,0.831,588
70,2:non_problem,2:non_problem,,0.507,875
71,2:non_problem,2:non_problem,,0.999,735
72,2:non_problem,2:non_problem,,0.799,821
73,2:non_problem,2:non_problem,,0.995,1000
74,2:non_problem,2:non_problem,,0.998,562
75,2:non_problem,2:non_problem,,0.924,851
76,2:non_problem,2:non_problem,,0.999,817
77,2:non_problem,1:problem,+,0.615,909
78,2:non_problem,2:non_problem,,1,803
79,2:non_problem,1:problem,+,0.593,755
80,2:non_problem,2:non_problem,,0.999,710
81,2:non_problem,1:problem,+,0.647,777
82,2:non_problem,2:non_problem,,0.968,815
83,2:non_problem,2:non_problem,,0.999,870
84,2:non_problem,2:non_problem,,0.985,701
85,2:non_problem,1:problem,+,0.836,575
86,2:non_problem,2:non_problem,,0.926,677
87,2:non_problem,2:non_problem,,0.997,508
88,2:non_problem,2:non_problem,,0.998,693
89,2:non_problem,2:non_problem,,0.648,921
90,2:non_problem,2:non_problem,,0.905,842
91,2:non_problem,2:non_problem,,0.772,857
92,2:non_problem,2:non_problem,,0.999,679
93,2:non_problem,1:problem,+,0.724,779
94,2:non_problem,1:problem,+,0.626,524
95,2:non_problem,2:non_problem,,0.999,618
96,2:non_problem,2:non_problem,,1,922
97,2:non_problem,2:non_problem,,0.708,829
98,2:non_problem,2:non_problem,,0.863,731
99,2:non_problem,2:non_problem,,0.56,916
100,2:non_problem,1:problem,+,0.96,563
1,1:problem,1:problem,,0.841,57
2,1:problem,1:problem,,0.697,427
3,1:problem,1:problem,,0.611,369
4,1:problem,1:problem,,0.78,458
5,1:problem,1:problem,,0.974,306
6,1:problem,2:non_problem,+,0.621,366
7,1:problem,1:problem,,0.969,120
8,1:problem,1:problem,,0.933,496
9,1:problem,1:problem,,0.688,15
10,1:problem,1:problem,,0.717,77
11,1:problem,2:non_problem,+,0.575,75
12,1:problem,1:problem,,0.862,50
13,1:problem,2:non_problem,+,0.588,34
14,1:problem,1:problem,,0.947,280
15,1:problem,1:problem,,0.638,289
16,1:problem,1:problem,,0.683,235
17,1:problem,1:problem,,0.968,211
18,1:problem,1:problem,,0.884,114
19,1:problem,2:non_problem,+,0.699,397
20,1:problem,1:problem,,0.766,255
21,1:problem,2:non_problem,+,0.731,415
22,1:problem,1:problem,,0.859,319
23,1:problem,1:problem,,0.969,308
24,1:problem,2:non_problem,+,0.546,98
25,1:problem,1:problem,,0.903,151
26,1:problem,2:non_problem,+,0.607,246
27,1:problem,1:problem,,0.776,167
28,1:problem,1:problem,,0.897,356
29,1:problem,1:problem,,0.573,178
30,1:problem,1:problem,,0.996,385
31,1:problem,1:problem,,0.854,487
32,1:problem,2:non_problem,+,0.744,170
33,1:problem,1:problem,,0.815,371
34,1:problem,1:problem,,0.862,352
35,1:problem,2:non_problem,+,0.756,395
36,1:problem,1:problem,,0.967,285
37,1:problem,1:problem,,0.965,428
38,1:problem,2:non_problem,+,0.594,461
39,1:problem,2:non_problem,+,0.566,141
40,1:problem,1:problem,,0.788,406
41,1:problem,1:problem,,0.892,392
42,1:problem,1:problem,,0.698,311
43,1:problem,1:problem,,0.9,464
44,1:problem,1:problem,,0.981,152
45,1:problem,1:problem,,0.963,437
46,1:problem,1:problem,,0.991,475
47,1:problem,1:problem,,0.508,389
48,1:problem,1:problem,,0.797,393
49,1:problem,1:problem,,0.628,372
50,1:problem,1:problem,,0.999,216
51,2:non_problem,2:non_problem,,0.899,642
52,2:non_problem,2:non_problem,,0.811,661
53,2:non_problem,2:non_problem,,0.93,832
54,2:non_problem,2:non_problem,,0.994,998
55,2:non_problem,1:problem,+,0.707,854
56,2:non_problem,2:non_problem,,0.926,589
57,2:non_problem,2:non_problem,,0.987,718
58,2:non_problem,2:non_problem,,0.705,984
59,2:non_problem,1:problem,+,0.854,893
60,2:non_problem,1:problem,+,0.984,647
61,2:non_problem,2:non_problem,,0.754,841
62,2:non_problem,2:non_problem,,0.997,917
63,2:non_problem,2:non_problem,,0.89,637
64,2:non_problem,1:problem,+,0.948,974
65,2:non_problem,1:problem,+,0.572,604
66,2:non_problem,2:non_problem,,0.566,940
67,2:non_problem,2:non_problem,,0.796,913
68,2:non_problem,2:non_problem,,0.568,527
69,2:non_problem,2:non_problem,,0.601,577
70,2:non_problem,1:problem,+,0.678,620
71,2:non_problem,2:non_problem,,0.938,981
72,2:non_problem,2:non_problem,,0.978,643
73,2:non_problem,2:non_problem,,0.997,920
74,2:non_problem,2:non_problem,,0.703,995
75,2:non_problem,1:problem,+,0.554,558
76,2:non_problem,2:non_problem,,0.986,889
77,2:non_problem,2:non_problem,,0.996,690
78,2:non_problem,2:non_problem,,0.912,686
79,2:non_problem,1:problem,+,0.857,952
80,2:non_problem,2:non_problem,,0.98,813
81,2:non_problem,2:non_problem,,0.998,543
82,2:non_problem,2:non_problem,,0.921,668
83,2:non_problem,1:problem,+,0.568,792
84,2:non_problem,2:non_problem,,0.984,768
85,2:non_problem,2:non_problem,,0.998,905
86,2:non_problem,2:non_problem,,0.737,987
87,2:non_problem,2:non_problem,,0.545,591
88,2:non_problem,1:problem,+,0.519,567
89,2:non_problem,2:non_problem,,0.849,624
90,2:non_problem,2:non_problem,,0.604,627
91,2:non_problem,1:problem,+,0.773,659
92,2:non_problem,2:non_problem,,0.766,846
93,2:non_problem,2:non_problem,,0.866,789
94,2:non_problem,2:non_problem,,0.711,613
95,2:non_problem,2:non_problem,,0.574,573
96,2:non_problem,2:non_problem,,0.985,855
97,2:non_problem,2:non_problem,,0.512,704
98,2:non_problem,2:non_problem,,0.536,797
99,2:non_problem,2:non_problem,,0.99,521
100,2:non_problem,2:non_problem,,0.998,660
1,1:problem,1:problem,,0.836,266
2,1:problem,1:problem,,0.793,259
3,1:problem,1:problem,,0.83,380
4,1:problem,1:problem,,0.82,381
5,1:problem,1:problem,,0.847,198
6,1:problem,1:problem,,0.896,231
7,1:problem,1:problem,,0.935,6
8,1:problem,2:non_problem,+,0.516,468
9,1:problem,1:problem,,0.892,183
10,1:problem,1:problem,,0.785,481
11,1:problem,1:problem,,0.901,338
12,1:problem,1:problem,,0.555,354
13,1:problem,1:problem,,0.853,358
14,1:problem,1:problem,,0.668,429
15,1:problem,1:problem,,0.872,177
16,1:problem,1:problem,,0.663,386
17,1:problem,1:problem,,0.982,498
18,1:problem,1:problem,,0.948,454
19,1:problem,1:problem,,0.653,254
20,1:problem,1:problem,,0.634,147
21,1:problem,1:problem,,0.819,399
22,1:problem,2:non_problem,+,0.599,68
23,1:problem,1:problem,,0.723,29
24,1:problem,1:problem,,0.931,4
25,1:problem,1:problem,,0.861,291
26,1:problem,1:problem,,0.876,3
27,1:problem,2:non_problem,+,0.711,28
28,1:problem,2:non_problem,+,0.503,38
29,1:problem,1:problem,,0.538,191
30,1:problem,2:non_problem,+,0.59,410
31,1:problem,1:problem,,0.676,489
32,1:problem,1:problem,,0.778,404
33,1:problem,1:problem,,0.968,226
34,1:problem,1:problem,,0.805,100
35,1:problem,1:problem,,0.793,432
36,1:problem,1:problem,,0.909,438
37,1:problem,1:problem,,0.531,24
38,1:problem,1:problem,,0.689,164
39,1:problem,1:problem,,0.926,321
40,1:problem,1:problem,,0.697,47
41,1:problem,1:problem,,0.666,63
42,1:problem,1:problem,,0.851,51
43,1:problem,1:problem,,0.764,210
44,1:problem,1:problem,,0.797,65
45,1:problem,1:problem,,0.799,459
46,1:problem,1:problem,,0.54,135
47,1:problem,2:non_problem,+,0.693,125
48,1:problem,1:problem,,0.642,150
49,1:problem,1:problem,,0.902,473
50,1:problem,1:problem,,0.886,337
51,2:non_problem,2:non_problem,,0.981,646
52,2:non_problem,2:non_problem,,0.988,614
53,2:non_problem,2:non_problem,,0.959,805
54,2:non_problem,2:non_problem,,0.986,695
55,2:non_problem,1:problem,+,0.618,839
56,2:non_problem,2:non_problem,,0.979,544
57,2:non_problem,2:non_problem,,0.507,557
58,2:non_problem,2:non_problem,,0.986,806
59,2:non_problem,2:non_problem,,0.988,738
60,2:non_problem,1:problem,+,0.85,516
61,2:non_problem,1:problem,+,0.792,740
62,2:non_problem,2:non_problem,,0.875,628
63,2:non_problem,2:non_problem,,0.969,538
64,2:non_problem,1:problem,+,0.709,546
65,2:non_problem,2:non_problem,,0.992,523
66,2:non_problem,2:non_problem,,0.974,728
67,2:non_problem,2:non_problem,,0.715,774
68,2:non_problem,2:non_problem,,0.857,526
69,2:non_problem,1:problem,+,0.64,892
70,2:non_problem,2:non_problem,,0.997,560
71,2:non_problem,2:non_problem,,0.74,650
72,2:non_problem,1:problem,+,0.853,994
73,2:non_problem,1:problem,+,0.905,539
74,2:non_problem,2:non_problem,,0.714,671
75,2:non_problem,2:non_problem,,0.967,746
76,2:non_problem,2:non_problem,,0.751,900
77,2:non_problem,2:non_problem,,0.613,911
78,2:non_problem,1:problem,+,0.797,959
79,2:non_problem,2:non_problem,,0.993,748
80,2:non_problem,1:problem,+,0.661,874
81,2:non_problem,2:non_problem,,0.769,739
82,2:non_problem,2:non_problem,,0.967,534
83,2:non_problem,2:non_problem,,0.795,879
84,2:non_problem,2:non_problem,,0.599,880
85,2:non_problem,2:non_problem,,0.861,509
86,2:non_problem,2:non_problem,,0.986,689
87,2:non_problem,2:non_problem,,0.822,737
88,2:non_problem,1:problem,+,0.656,549
89,2:non_problem,1:problem,+,0.577,934
90,2:non_problem,2:non_problem,,0.996,699
91,2:non_problem,1:problem,+,0.789,956
92,2:non_problem,2:non_problem,,0.839,655
93,2:non_problem,2:non_problem,,0.99,678
94,2:non_problem,2:non_problem,,0.969,542
95,2:non_problem,2:non_problem,,0.836,796
96,2:non_problem,2:non_problem,,0.954,672
97,2:non_problem,2:non_problem,,0.992,975
98,2:non_problem,2:non_problem,,0.984,574
99,2:non_problem,1:problem,+,0.62,580
100,2:non_problem,2:non_problem,,0.974,569
1,1:problem,1:problem,,0.985,347
2,1:problem,1:problem,,0.764,252
3,1:problem,2:non_problem,+,0.79,349
4,1:problem,2:non_problem,+,0.572,328
5,1:problem,1:problem,,0.994,213
6,1:problem,1:problem,,0.695,420
7,1:problem,1:problem,,0.88,362
8,1:problem,1:problem,,0.63,60
9,1:problem,1:problem,,0.913,133
10,1:problem,1:problem,,0.997,455
11,1:problem,1:problem,,0.844,344
12,1:problem,1:problem,,0.937,272
13,1:problem,1:problem,,0.952,37
14,1:problem,1:problem,,0.829,108
15,1:problem,2:non_problem,+,0.649,471
16,1:problem,1:problem,,0.942,403
17,1:problem,1:problem,,0.962,115
18,1:problem,1:problem,,0.994,442
19,1:problem,2:non_problem,+,0.909,378
20,1:problem,1:problem,,0.805,99
21,1:problem,1:problem,,0.867,441
22,1:problem,2:non_problem,+,0.527,407
23,1:problem,1:problem,,0.989,174
24,1:problem,1:problem,,0.687,460
25,1:problem,1:problem,,0.822,176
26,1:problem,1:problem,,0.863,324
27,1:problem,1:problem,,0.655,124
28,1:problem,1:problem,,0.994,500
29,1:problem,1:problem,,0.982,116
30,1:problem,1:problem,,0.9,331
31,1:problem,1:problem,,0.857,286
32,1:problem,1:problem,,0.824,333
33,1:problem,1:problem,,0.862,118
34,1:problem,2:non_problem,+,0.532,367
35,1:problem,2:non_problem,+,0.668,236
36,1:problem,2:non_problem,+,0.591,16
37,1:problem,1:problem,,0.723,39
38,1:problem,1:problem,,0.694,418
39,1:problem,1:problem,,0.773,142
40,1:problem,1:problem,,0.997,69
41,1:problem,1:problem,,0.716,188
42,1:problem,1:problem,,0.668,240
43,1:problem,1:problem,,0.944,279
44,1:problem,2:non_problem,+,0.783,214
45,1:problem,1:problem,,0.948,97
46,1:problem,1:problem,,0.939,284
47,1:problem,2:non_problem,+,0.679,431
48,1:problem,1:problem,,0.704,486
49,1:problem,2:non_problem,+,0.959,482
50,1:problem,1:problem,,0.581,123
51,2:non_problem,1:problem,+,0.561,898
52,2:non_problem,2:non_problem,,0.961,730
53,2:non_problem,2:non_problem,,0.995,504
54,2:non_problem,1:problem,+,0.525,587
55,2:non_problem,2:non_problem,,0.99,717
56,2:non_problem,1:problem,+,0.621,941
57,2:non_problem,2:non_problem,,0.758,503
58,2:non_problem,2:non_problem,,0.946,550
59,2:non_problem,2:non_problem,,0.996,510
60,2:non_problem,2:non_problem,,0.803,723
61,2:non_problem,2:non_problem,,0.764,807
62,2:non_problem,2:non_problem,,0.995,568
63,2:non_problem,2:non_problem,,0.871,818
64,2:non_problem,2:non_problem,,0.968,512
65,2:non_problem,2:non_problem,,0.998,907
66,2:non_problem,2:non_problem,,0.973,809
67,2:non_problem,2:non_problem,,0.967,513
68,2:non_problem,1:problem,+,0.908,824
69,2:non_problem,2:non_problem,,0.992,993
70,2:non_problem,1:problem,+,0.89,749
71,2:non_problem,2:non_problem,,0.66,582
72,2:non_problem,2:non_problem,,0.711,982
73,2:non_problem,2:non_problem,,0.962,714
74,2:non_problem,2:non_problem,,0.988,866
75,2:non_problem,2:non_problem,,0.999,576
76,2:non_problem,2:non_problem,,0.993,702
77,2:non_problem,1:problem,+,0.521,533
78,2:non_problem,2:non_problem,,0.937,902
79,2:non_problem,2:non_problem,,0.684,715
80,2:non_problem,2:non_problem,,0.999,597
81,2:non_problem,2:non_problem,,0.561,919
82,2:non_problem,2:non_problem,,0.984,775
83,2:non_problem,1:problem,+,0.531,778
84,2:non_problem,2:non_problem,,0.993,883
85,2:non_problem,1:problem,+,0.511,938
86,2:non_problem,2:non_problem,,0.996,719
87,2:non_problem,2:non_problem,,0.998,745
88,2:non_problem,2:non_problem,,0.936,529
89,2:non_problem,2:non_problem,,0.851,698
90,2:non_problem,1:problem,+,0.589,885
91,2:non_problem,1:problem,+,0.767,868
92,2:non_problem,2:non_problem,,0.999,609
93,2:non_problem,2:non_problem,,0.999,800
94,2:non_problem,1:problem,+,0.805,747
95,2:non_problem,1:problem,+,0.649,951
96,2:non_problem,2:non_problem,,0.794,999
97,2:non_problem,2:non_problem,,0.757,876
98,2:non_problem,1:problem,+,0.65,947
99,2:non_problem,1:problem,+,0.955,928
100,2:non_problem,2:non_problem,,0.997,986